UID,Target
130000,medium
129101,low
147876,medium
122624,medium
159920,medium
145234,medium
145803,medium
146997,high
106912,high
68686,high
29181,low
38438,high
57611,medium
137181,medium
100161,medium
39443,high
81423,medium
110076,medium
125964,medium
141150,low
113988,medium
123956,low
34855,medium
55446,high
17188,medium
30673,medium
43219,medium
58200,high
156884,low
52560,high
121267,low
100859,high
21296,medium
56799,medium
148766,low
77232,medium
156068,high
1503,medium
74164,medium
70085,high
55228,low
18778,medium
66045,low
43426,low
103155,low
122784,medium
69461,low
129893,low
109047,low
57682,medium
149146,medium
7725,medium
157548,medium
146789,medium
76461,high
57156,low
18761,high
18569,medium
23948,medium
21924,low
77074,high
21862,medium
131920,low
43234,medium
72951,low
101673,low
156269,medium
2567,medium
86228,medium
16321,low
139296,medium
126176,medium
42153,medium
48844,medium
59283,low
157967,low
37875,low
79254,medium
6911,medium
126040,medium
40082,high
4354,medium
116948,medium
15350,high
74272,medium
27973,medium
149212,low
141403,medium
15913,medium
70734,high
103361,high
100603,medium
2609,low
47327,medium
33097,high
31868,medium
94517,medium
63440,medium
61225,low
96632,medium
91165,high
91373,high
92545,low
103810,medium
124299,low
51942,medium
61949,medium
56855,low
117430,low
69855,medium
151381,medium
73846,low
46518,medium
96936,low
40551,high
67518,medium
44080,medium
34631,medium
110876,medium
51541,high
132000,high
18966,medium
62106,low
12325,low
87102,medium
46428,medium
115175,high
61352,medium
113926,medium
49344,medium
148525,low
60141,medium
58155,medium
159532,medium
69599,high
44407,high
52210,low
2361,high
41015,medium
91087,medium
29705,medium
79623,low
20301,high
100306,medium
98722,medium
134400,medium
98589,medium
114796,medium
57990,medium
25416,medium
119194,high
61874,medium
119909,medium
70592,low
20785,medium
153420,medium
14267,high
89494,medium
86549,high
4482,low
77668,medium
160467,medium
88771,medium
97481,high
14610,medium
113826,medium
25214,high
9963,medium
58796,high
118838,medium
146605,medium
137243,low
141790,low
52574,low
95292,medium
159498,medium
21058,high
61044,high
5286,low
67000,medium
46080,medium
39465,low
24901,medium
153549,low
49680,medium
58588,medium
118909,low
151843,high
155015,medium
56393,medium
15369,medium
4936,low
137343,medium
75887,low
89497,high
79779,medium
64795,high
83250,medium
77975,medium
17898,medium
104400,high
20779,medium
153326,high
83434,medium
115521,medium
31352,low
89210,high
151914,medium
79074,medium
9854,medium
77737,medium
24722,medium
67046,medium
91001,medium
45516,high
138360,medium
32714,high
152481,low
41321,medium
131599,medium
26083,medium
23402,low
10867,medium
93158,low
63288,low
155304,medium
92703,medium
18689,medium
67344,medium
67235,medium
25235,low
68506,medium
152649,medium
138244,low
61621,medium
27005,medium
37818,medium
132049,low
84449,medium
39748,medium
70488,medium
56148,medium
127254,low
96045,low
2810,high
78432,medium
149071,medium
91506,high
118884,medium
97657,medium
66165,high
22763,medium
3094,medium
75060,medium
10375,high
57344,high
146113,high
73463,low
88919,medium
125640,high
18403,high
142269,high
32468,medium
19759,medium
122175,medium
86169,high
71604,medium
101790,medium
50605,high
43770,medium
32362,medium
87880,medium
48246,low
133440,medium
86469,low
116941,low
90922,medium
111003,medium
71430,high
115489,medium
157853,high
28286,low
149304,high
46922,medium
80980,medium
148206,medium
28813,medium
103289,high
151478,high
9947,medium
142555,medium
123873,low
110346,medium
135139,low
25177,medium
82765,low
153723,medium
146404,medium
80225,medium
94698,low
138174,high
61684,medium
11658,high
66585,low
27066,low
120767,medium
93048,low
43136,high
159984,high
28143,medium
134916,medium
43531,medium
13479,medium
46547,medium
46838,medium
91005,medium
153443,high
143401,high
17808,medium
69963,medium
119796,low
74025,medium
102855,low
144955,low
34144,medium
17600,high
105349,medium
97595,high
23466,high
110844,high
134368,high
144244,high
50345,medium
131281,low
58983,medium
111369,medium
27455,medium
13496,high
89990,low
25088,medium
10556,low
107420,high
59945,medium
7840,medium
37281,high
93294,medium
133504,low
88838,medium
81916,high
74669,medium
26044,medium
160545,low
31260,medium
126653,high
83106,medium
15071,medium
54188,medium
94763,medium
104736,medium
86429,low
16980,low
83754,low
60237,medium
63335,medium
131766,medium
49243,medium
121678,low
140806,low
67445,high
123645,medium
27354,low
89583,high
135935,medium
103956,medium
102129,medium
93280,low
71434,high
82307,medium
38552,medium
157990,medium
88791,low
29642,medium
56103,low
82183,medium
112166,medium
144069,medium
67319,low
107736,medium
29903,medium
23317,medium
72226,medium
147285,high
35372,low
69404,high
75852,medium
29257,medium
29910,low
96800,medium
151214,medium
115725,medium
59850,low
143605,medium
108204,low
50883,low
133488,medium
64656,high
108422,low
100765,low
108348,medium
49781,low
24036,medium
100409,high
83394,medium
29478,medium
108759,low
138492,medium
101479,low
24201,high
82391,medium
52062,medium
40706,low
115763,low
18803,high
127705,medium
33632,medium
34890,medium
62849,high
15505,high
115946,medium
45412,medium
94008,low
133597,low
82107,medium
116259,low
53405,medium
72747,medium
39650,medium
118059,high
112695,low
74055,low
146169,medium
134810,low
155273,medium
73030,medium
15908,medium
138380,medium
157170,medium
73144,medium
89374,low
135352,high
155262,low
54119,high
62188,low
63283,medium
151638,medium
58548,medium
91349,medium
37866,medium
11081,low
39157,low
59490,high
100905,low
148804,medium
35385,medium
141260,medium
73850,high
81486,high
138637,medium
131743,medium
77670,medium
139550,high
12737,medium
82397,low
62264,medium
125867,low
114474,medium
13711,low
52785,high
86601,low
149870,low
13760,medium
104784,high
131386,high
2099,low
129052,low
124353,medium
116751,medium
48500,medium
157488,medium
94439,high
104638,low
101753,low
57599,medium
8022,high
122848,high
47866,medium
38363,medium
20041,low
25378,low
116734,medium
72737,high
108580,medium
148253,medium
88078,high
28183,medium
131762,high
72363,high
9215,medium
42334,high
70673,medium
17556,medium
10061,medium
126562,medium
27232,low
137515,medium
87829,medium
23573,medium
40242,medium
96999,medium
54002,low
101582,high
122908,low
34487,medium
106414,high
115875,medium
136678,medium
53429,high
160171,high
113421,medium
1828,medium
148252,medium
69460,medium
138410,medium
155834,medium
131416,medium
158022,medium
46514,low
82637,low
147734,medium
151928,low
40694,medium
36436,medium
12096,medium
34101,medium
96338,high
57347,medium
40161,medium
23667,medium
74986,medium
98041,medium
27988,medium
30262,high
99721,medium
29092,medium
14844,medium
49627,low
6550,low
62104,medium
76297,medium
56881,high
97722,low
98964,medium
72159,medium
138306,medium
79413,medium
145747,high
64113,medium
112229,low
4443,medium
34404,high
61096,medium
7406,medium
137636,low
679,high
112474,low
49475,medium
25387,low
155455,low
88696,medium
122888,medium
57769,low
7851,low
100266,high
135019,medium
135388,high
86819,high
95249,medium
36095,medium
34637,medium
159219,medium
153770,medium
56071,medium
133128,high
139578,medium
109306,medium
142418,low
40377,medium
154715,medium
55236,low
108779,medium
74382,medium
11121,medium
6009,high
61730,medium
84422,medium
28856,medium
140272,medium
67594,high
137256,high
158153,low
50881,low
84889,medium
70092,medium
41074,medium
159041,medium
74674,medium
40590,low
94331,medium
119466,high
140759,low
124826,medium
11319,low
60786,medium
18593,medium
51934,high
55429,low
127843,medium
138313,medium
11459,medium
29790,low
43211,medium
5735,medium
38750,low
15174,medium
81697,medium
4325,medium
2720,medium
108738,high
28484,low
38250,low
76550,medium
158214,medium
19530,low
155527,medium
73354,high
52221,medium
128197,medium
10577,medium
149036,medium
145791,medium
23635,high
127048,medium
7029,low
122620,medium
42718,medium
115272,low
69326,medium
95214,medium
61262,low
2179,medium
100782,high
71131,high
23347,medium
3503,medium
39193,high
80560,low
62092,low
56591,medium
83189,low
99678,high
66368,low
59738,medium
62222,medium
57284,low
80260,low
68731,medium
125257,medium
22620,medium
5308,high
38657,medium
49262,medium
115072,medium
26771,low
88362,medium
120448,medium
158493,low
105443,medium
31417,low
117520,medium
153026,medium
50248,medium
79167,medium
80230,low
114192,medium
82284,medium
69496,low
50978,low
21359,low
71970,low
81355,medium
152562,high
9401,low
130378,medium
72566,medium
67802,medium
30720,medium
101369,low
107518,high
133559,high
109971,medium
123624,medium
62384,medium
22991,high
110570,low
96316,medium
34387,medium
71853,medium
109448,low
24018,low
151507,low
15446,medium
3703,high
67952,low
101182,high
135473,medium
535,medium
37027,high
125386,medium
81829,medium
44290,low
143796,low
130595,high
101334,low
50047,high
153522,low
94102,medium
90670,low
156561,medium
152182,high
7921,medium
152438,medium
38419,medium
46981,low
80722,low
49594,medium
143623,medium
141987,high
14762,medium
24711,medium
90095,medium
74596,medium
148118,high
35789,medium
77113,low
51490,medium
90492,low
153696,medium
129945,high
86614,high
60302,medium
127006,low
144301,medium
154871,high
131122,low
116254,medium
13856,medium
38830,low
97845,high
64494,medium
58634,medium
34246,low
84106,medium
84467,medium
67412,medium
13982,medium
102290,medium
60420,low
28212,low
20527,medium
143608,low
9571,medium
5894,low
6758,medium
65331,high
53287,medium
73385,medium
67083,medium
42685,medium
93119,low
84310,low
138596,medium
48942,low
58906,medium
150225,high
4067,low
156469,low
69927,medium
3790,medium
84913,medium
115342,medium
105196,high
69374,high
156952,medium
101944,low
159491,medium
128038,low
70809,medium
141444,medium
103380,low
57843,medium
50628,high
132246,high
4953,low
131560,medium
129487,medium
45433,low
104345,high
70042,high
35756,high
36643,low
76330,high
82212,low
78452,medium
86573,high
116599,medium
59993,high
146149,medium
81580,medium
122611,medium
15977,medium
44000,medium
128582,high
96925,medium
51949,medium
5527,low
49312,medium
33390,high
125418,medium
128535,high
78902,medium
76027,high
21794,medium
113293,medium
34407,medium
82093,medium
31669,medium
81235,medium
38822,high
38854,medium
60107,medium
70815,high
118112,high
52570,medium
64515,high
44184,low
136,low
54304,medium
140735,high
69938,medium
94390,low
47853,medium
87734,low
13802,medium
154472,high
142241,medium
97602,medium
27006,low
118324,low
139860,medium
90454,low
91226,medium
81965,high
123882,high
28205,medium
42522,low
48650,medium
159770,medium
73924,medium
82782,medium
145178,low
130506,low
135287,low
71109,medium
152905,medium
17690,medium
133072,medium
30481,medium
16132,medium
20742,high
15413,low
57084,medium
3573,high
108146,low
58190,medium
157340,medium
103750,high
29169,medium
14358,high
150559,high
78088,medium
125175,low
31265,medium
123526,high
95975,medium
11246,medium
121106,medium
83005,medium
23961,medium
88,high
24549,medium
143727,high
36006,high
134508,medium
121950,medium
76000,high
137098,medium
102987,low
24940,high
53379,high
109337,medium
26938,medium
28206,high
120642,medium
19239,medium
40723,medium
38625,high
69534,medium
67342,medium
79042,low
151314,high
159340,high
120593,medium
144388,medium
99204,high
2402,high
9560,medium
57343,medium
145729,medium
28829,medium
34808,medium
158173,medium
159187,high
91480,high
87350,medium
31933,high
138735,medium
121644,medium
81521,medium
37375,medium
107761,low
108031,high
106898,medium
159623,medium
5732,medium
114255,high
118223,medium
79881,medium
57558,medium
160435,medium
157319,low
14681,high
144820,medium
79271,medium
57269,medium
74451,high
104444,medium
15246,low
125352,medium
7892,high
81686,medium
121958,low
105996,high
153921,high
61302,medium
133437,medium
135835,high
119072,medium
155475,medium
110631,low
100268,high
9783,medium
94465,medium
36681,medium
156179,medium
137173,low
95223,medium
86048,medium
3693,low
75105,medium
61504,medium
67781,high
79513,high
154713,medium
88120,medium
1650,low
73252,medium
83705,low
127350,medium
134927,low
38929,high
37094,low
160377,low
52387,medium
80686,medium
50888,medium
92991,medium
119506,low
146954,medium
60455,medium
126548,medium
64341,medium
62136,low
98531,low
147804,high
53150,medium
10166,medium
42238,medium
148012,low
24945,medium
4180,medium
146522,medium
33602,low
26408,medium
160556,medium
47053,medium
65482,medium
64437,high
142174,medium
123947,high
88020,high
112675,medium
106975,medium
121304,high
11993,low
100911,medium
34316,low
44957,medium
30759,medium
136044,medium
9997,low
157781,low
107603,high
97656,low
137267,medium
121160,medium
100927,low
135244,high
144068,medium
68505,medium
112280,medium
85179,medium
18790,medium
37844,medium
109889,medium
95873,medium
9268,medium
115608,medium
90553,medium
15943,low
88661,high
69773,low
45875,medium
89457,medium
63109,medium
5145,medium
73224,medium
61022,medium
17199,medium
31726,low
91945,medium
94362,medium
57390,medium
65135,low
105334,medium
10532,medium
92060,medium
29072,high
122076,medium
52595,medium
78391,medium
43834,medium
121059,high
145357,medium
147411,medium
2637,medium
86841,medium
72843,low
135442,medium
50686,low
86241,low
119131,high
27431,high
110338,medium
147706,medium
68688,medium
112005,medium
28000,medium
76232,low
147374,low
82471,medium
110268,high
33646,high
20741,medium
65233,medium
24354,medium
75909,medium
105603,medium
49757,medium
90528,medium
48374,high
140375,medium
22803,medium
66252,low
35595,high
142284,low
29777,medium
6567,medium
101008,low
84996,low
65249,medium
30381,medium
109671,high
73187,medium
76255,medium
76300,low
95679,high
95752,medium
52145,high
120058,high
54180,medium
73384,high
37039,low
90119,high
151027,medium
147932,medium
114088,medium
129811,medium
85494,low
144765,high
8867,high
156585,medium
18833,high
49557,high
17054,low
145994,low
46774,medium
63493,medium
126352,high
132777,high
130496,medium
109836,high
86585,high
54081,low
6711,high
118104,medium
109026,medium
51187,medium
40000,medium
148091,medium
112133,low
53333,low
40291,low
93547,high
42094,medium
150947,medium
100329,medium
6462,medium
63653,high
151711,high
120,high
97232,medium
11573,medium
142321,low
119366,high
154135,medium
150821,high
121982,low
92777,medium
1426,medium
26833,high
118169,high
81985,medium
143346,high
57566,low
19878,medium
123280,medium
56545,medium
110325,medium
92722,medium
57657,high
140414,medium
100318,low
112238,medium
47759,medium
58563,low
48312,medium
134318,medium
38979,high
63623,low
133318,high
1193,low
738,high
118128,medium
34303,medium
16014,low
122138,high
64715,low
105430,medium
122047,low
49140,medium
62479,low
9734,medium
157054,medium
136976,medium
66422,medium
109152,medium
36166,medium
140269,medium
4992,medium
54175,medium
140718,high
128371,medium
158929,low
64728,low
62329,low
77560,medium
45286,high
143518,medium
89762,medium
44209,low
154350,medium
156860,high
141243,medium
61369,high
15934,high
78827,low
24619,medium
104553,low
31792,high
129026,high
88979,low
17761,high
44118,high
1643,low
116248,medium
154406,high
148923,medium
56466,low
151946,high
133787,high
64406,medium
114712,medium
2456,medium
43099,low
51067,medium
96986,low
103165,medium
81548,low
109057,high
159559,medium
14700,low
125598,medium
45460,medium
29649,medium
140180,high
32401,medium
45146,medium
83623,medium
87100,medium
37432,medium
114705,high
157956,medium
143301,medium
156719,high
158385,low
113164,medium
87296,high
76114,medium
40776,low
127667,medium
67584,medium
128253,medium
66894,low
94239,medium
113175,high
53712,high
113166,low
119822,medium
58086,medium
7583,low
25318,medium
159415,high
115927,high
87039,medium
18269,high
79126,medium
8454,medium
113321,low
66691,low
44918,high
141825,medium
9685,medium
21035,medium
52784,medium
146320,medium
44086,medium
125859,high
65224,medium
120035,high
107713,medium
127305,medium
113934,medium
29605,medium
135551,low
55808,medium
99849,medium
32550,high
83149,high
63258,medium
28195,medium
33162,low
37114,low
140215,medium
19925,medium
9610,medium
74675,medium
41071,medium
83967,high
37503,low
1617,medium
53988,high
78544,medium
11022,low
152656,low
122870,low
38456,low
90737,medium
47402,low
54815,medium
487,high
118677,medium
35505,medium
74355,low
121742,low
143558,high
76516,medium
60082,medium
67429,high
57004,medium
96517,medium
30529,medium
6367,low
129764,low
23487,medium
106998,low
65716,medium
120648,medium
52945,medium
79702,medium
28859,high
50695,medium
69074,medium
73983,medium
61389,low
96435,low
33958,medium
20182,medium
132792,high
43239,high
36089,medium
111886,medium
137714,medium
91015,medium
53815,medium
150736,high
124579,medium
119947,medium
807,low
19450,medium
79811,medium
16064,medium
110196,medium
143950,high
82829,medium
99774,medium
35852,high
125749,medium
149830,medium
45596,low
102612,low
153437,medium
157996,medium
92803,medium
141863,medium
96110,medium
110425,low
85948,medium
81053,medium
177,high
17634,medium
118413,medium
145147,low
3469,low
48133,medium
111755,medium
67075,medium
44951,medium
25973,low
147492,low
32475,high
5811,medium
26577,high
82034,high
68746,medium
122703,high
92242,medium
69769,medium
128492,high
27568,high
78684,medium
29262,high
92837,high
84279,low
153675,high
112146,medium
40460,medium
38528,high
111140,low
27493,high
45619,medium
119790,high
90852,medium
117552,high
43826,medium
153170,low
45903,low
83816,medium
77153,medium
138196,medium
16753,high
114445,medium
16324,medium
75078,medium
11665,medium
106982,high
55466,medium
140167,medium
78716,high
31199,low
102086,medium
83602,high
25810,medium
76883,medium
27753,medium
129287,medium
65589,medium
13712,medium
28568,medium
103975,medium
92677,high
21312,low
61433,medium
19776,medium
107417,low
1014,low
19320,medium
8192,medium
48917,medium
138415,medium
59549,medium
29776,medium
75938,medium
126355,medium
123585,high
67320,high
67993,low
29534,low
86679,low
88338,medium
135983,medium
25882,high
91197,medium
97643,low
55339,low
141823,medium
79963,medium
57648,medium
128146,medium
144336,medium
50714,medium
50719,medium
906,medium
7684,high
139290,medium
134642,low
51112,low
15588,low
83873,medium
99220,medium
41566,low
130190,medium
16551,medium
35555,medium
85901,medium
39550,medium
34813,medium
42478,high
153159,medium
84562,medium
4090,high
3181,low
19179,medium
125095,medium
70359,medium
107428,medium
64070,medium
57934,high
156800,low
31468,medium
22925,high
112256,high
109689,low
95267,high
39478,medium
16843,medium
151296,medium
138362,medium
47233,high
142407,low
23639,high
2059,low
21721,high
160379,low
15940,medium
96325,low
90774,medium
145406,medium
92593,high
88018,medium
57664,medium
97401,medium
34186,medium
103441,medium
52426,low
16874,medium
154269,low
37721,high
62150,high
7967,low
95517,low
23785,medium
152697,medium
102693,medium
144942,medium
71049,medium
63052,medium
149946,medium
98230,medium
44315,high
144690,high
96495,high
146557,low
28632,medium
119866,high
133326,low
123404,high
80161,high
42369,medium
31032,low
160263,high
103357,medium
90370,high
5240,medium
37996,medium
74116,medium
71351,medium
4064,high
14231,low
5872,medium
134793,low
93556,medium
54899,medium
71040,medium
127766,medium
149044,medium
4154,medium
35419,low
55540,medium
2649,medium
115113,low
100070,low
96234,medium
36211,high
119641,high
80792,low
134755,low
148029,medium
108516,low
88724,low
12678,high
120807,high
33300,medium
26989,low
139137,medium
37038,high
119975,high
38628,medium
36675,medium
103722,low
61,medium
118049,medium
122912,high
143313,medium
116609,medium
21606,medium
46537,medium
51232,low
144882,medium
41872,medium
41073,medium
91488,medium
142312,medium
73145,medium
1198,medium
153025,medium
55993,medium
127234,medium
140670,low
107200,high
125069,medium
101191,low
26290,medium
84177,medium
152469,low
40876,high
125994,low
1803,medium
20697,medium
154722,low
98184,low
61836,high
79866,medium
99789,high
79465,high
54620,medium
54250,medium
144253,high
90236,medium
82741,medium
85556,low
143400,medium
126891,high
112,low
104770,medium
21203,low
11239,medium
97725,high
35106,medium
18680,medium
74379,medium
16562,medium
101652,high
151432,medium
132034,medium
75508,high
43368,low
130952,low
127040,low
123250,low
155036,medium
29353,medium
82479,low
150656,medium
121387,low
135923,medium
151137,medium
43140,low
136408,medium
40224,low
39127,medium
89027,high
131345,medium
51917,high
103127,medium
93559,low
16720,medium
151648,medium
119528,medium
42145,low
40118,medium
112517,low
109619,low
134208,high
71884,low
64877,medium
78678,medium
49113,medium
113527,medium
90529,medium
135238,medium
9602,high
75746,medium
142807,medium
52453,medium
112247,medium
139141,medium
43063,medium
96994,medium
111651,medium
61479,medium
139902,low
58262,high
136628,medium
81251,high
152138,medium
156313,medium
133199,medium
98463,medium
156062,high
66868,medium
68310,low
159690,medium
79693,high
157270,medium
140436,low
159442,medium
7769,low
113254,high
121679,low
116059,low
67494,low
121866,low
151134,medium
134796,low
141088,low
148480,medium
140583,medium
126950,medium
152072,medium
149355,medium
65599,medium
157925,low
83843,high
18411,low
59523,low
112973,medium
31004,low
43422,high
148434,medium
28995,low
142118,low
114249,medium
73536,medium
111802,medium
14891,medium
66157,medium
56184,low
100736,medium
158458,medium
41473,high
132672,high
2603,low
55537,low
144146,high
90522,medium
6020,low
91537,high
93686,medium
97689,medium
37198,medium
114514,low
53590,medium
37650,high
113083,medium
66279,high
125292,medium
118872,medium
41355,low
41050,low
103663,medium
20586,medium
72014,medium
29119,medium
155204,medium
43527,medium
14158,medium
135696,high
136780,high
125941,high
152877,medium
4612,high
28588,medium
90150,low
131498,medium
104658,high
114811,medium
116518,high
6625,high
31783,medium
147322,medium
150486,high
46297,high
30187,medium
98100,low
19478,medium
98816,medium
138453,medium
43511,medium
44769,medium
7453,low
153544,high
131133,medium
57992,medium
129673,medium
127323,high
103659,medium
84050,low
108801,medium
19074,medium
69898,low
36367,high
153849,high
81903,low
94827,medium
102821,high
28436,medium
147650,medium
103740,high
28921,medium
41223,medium
133707,medium
40426,high
65612,medium
158878,high
28466,low
73426,medium
137107,high
142867,high
73920,medium
1686,medium
39496,medium
27202,medium
78934,medium
154910,medium
127024,low
80719,high
2731,low
130308,low
49016,medium
144910,high
90046,medium
133348,medium
103206,medium
126134,high
72866,medium
61115,medium
69860,medium
85655,high
95521,low
84836,low
139828,low
32338,low
100704,medium
108723,high
32596,medium
143761,low
81167,high
104399,medium
104234,medium
111697,medium
90257,high
90193,medium
120688,low
151365,medium
19870,medium
7560,high
630,high
102628,high
1206,medium
25506,low
111718,high
63648,medium
83561,low
140660,high
51022,high
50183,high
52808,medium
128908,high
101405,medium
60541,medium
34820,medium
49539,low
96945,medium
10150,medium
115726,medium
39164,medium
31275,high
76477,medium
87175,medium
1552,low
90863,high
133357,medium
65550,low
106275,high
63647,medium
61879,medium
62498,medium
17663,medium
79339,medium
149253,high
78323,high
81854,low
14395,medium
69247,high
48911,medium
11684,medium
23570,high
85162,low
133902,low
100441,medium
131181,medium
54306,medium
99408,high
155573,low
121445,medium
94075,low
102077,medium
15058,low
33782,medium
88536,medium
120191,medium
6070,medium
3313,medium
941,low
109197,medium
9116,medium
29788,medium
140928,low
158130,high
25872,low
121681,high
135693,medium
19705,medium
91316,medium
40325,medium
122637,medium
87667,low
128032,high
96796,medium
47933,medium
21454,high
133427,medium
3653,medium
30284,medium
128801,medium
32099,high
13044,low
123949,medium
9381,high
36787,medium
85554,high
98324,high
115052,high
77811,low
52720,medium
17885,high
9095,medium
90532,medium
98007,low
92346,high
139251,medium
36676,medium
40632,medium
156529,medium
156713,low
110571,medium
147807,low
24146,high
13257,medium
68551,low
127931,medium
74835,low
125132,medium
97981,high
30722,high
30742,medium
135227,high
93853,medium
81566,medium
71763,low
132282,high
38873,high
39593,high
16885,low
131140,low
100732,medium
65923,low
31538,medium
55688,medium
6188,medium
19361,low
24955,high
65349,high
3276,low
131731,medium
57521,low
79742,high
147914,medium
102974,high
99044,medium
63313,medium
2683,high
96371,medium
106195,medium
145761,low
33799,medium
109434,low
78729,medium
47480,medium
81778,medium
53914,high
135853,medium
27254,medium
97617,high
86125,medium
135379,medium
118461,low
109195,medium
99243,low
105744,medium
53838,low
86932,high
132475,high
114452,medium
47450,high
29177,medium
129002,high
1312,medium
45112,high
39577,high
128998,medium
143908,medium
3112,medium
45881,low
70741,medium
95338,medium
31242,high
12205,high
122135,medium
154760,medium
86540,medium
118624,high
47324,low
133783,medium
96296,medium
92784,low
94851,medium
107253,medium
3593,medium
89413,low
99977,medium
50870,low
106761,low
157246,medium
81915,medium
27040,high
72705,low
44664,medium
24971,high
92943,medium
85360,medium
94735,medium
53474,medium
66159,medium
144356,high
133695,medium
117707,low
27675,medium
8730,medium
80194,high
73552,low
16208,medium
21817,high
48656,high
90361,medium
33067,medium
143823,high
151000,medium
92836,low
138636,medium
46206,low
109005,medium
81883,medium
104972,medium
104474,high
94165,low
159359,low
61548,medium
151862,medium
121770,low
61814,medium
80461,medium
96396,medium
59033,high
12861,medium
138777,medium
38357,medium
103786,low
64592,low
8564,medium
97727,medium
127057,medium
62288,medium
81302,low
143314,low
56964,medium
102436,high
122472,high
72028,medium
28981,high
272,low
34561,high
14303,low
93087,medium
84860,medium
52239,low
142930,high
6785,high
94510,medium
118170,high
101648,medium
102470,low
30974,medium
130840,high
43734,low
55665,low
30753,medium
47997,low
22617,medium
79189,medium
124732,medium
125682,low
15536,medium
55762,medium
59264,high
36483,medium
130903,medium
6940,high
85703,high
45446,low
91078,high
40524,low
135676,low
147571,medium
109523,high
147314,high
71921,low
136398,medium
34098,medium
116692,low
30494,low
21315,high
60021,medium
157808,medium
104088,medium
115954,low
109105,high
35668,medium
143621,medium
91575,medium
12788,low
56795,medium
55329,medium
140899,low
133412,medium
91852,medium
133543,medium
10788,medium
99736,high
47537,medium
100632,medium
150960,medium
35646,low
413,medium
95387,high
93502,medium
45351,medium
30865,medium
61102,high
111070,high
83423,medium
19964,medium
121688,high
102702,medium
102367,medium
104674,high
112795,medium
88788,low
142551,medium
45005,medium
98757,medium
85225,medium
63466,medium
21331,high
97308,medium
86016,low
141251,high
22153,high
111296,medium
104699,low
79115,medium
126181,medium
139842,low
154172,high
58624,medium
12910,medium
112151,medium
73478,low
93407,medium
36937,high
47246,low
97714,medium
34849,medium
32880,low
41147,medium
63057,high
88954,medium
21602,medium
46418,low
19444,low
158955,low
102599,medium
70987,medium
113426,medium
42302,high
121708,high
43975,medium
33214,medium
96029,medium
129324,medium
41003,low
32211,high
140947,medium
125119,medium
24758,high
90134,high
94555,low
48191,medium
136514,medium
95286,high
100007,medium
49908,medium
132769,medium
156195,high
22294,medium
94663,medium
88867,medium
48639,medium
127438,medium
63635,medium
46205,medium
48563,medium
73105,high
9671,low
106229,medium
141346,medium
26014,low
65395,medium
137338,medium
18599,medium
65738,medium
107765,medium
154998,low
67846,low
114738,high
129193,medium
23924,low
96227,medium
127255,medium
53948,medium
10243,medium
127962,medium
52470,medium
26201,medium
28719,high
120969,high
144979,low
33006,medium
126037,high
52948,medium
54078,medium
74448,low
140904,medium
14182,medium
1092,medium
55384,high
54745,medium
82463,low
75263,low
128659,medium
16508,low
125777,medium
132749,medium
138827,high
93349,medium
22913,medium
61322,high
38116,low
147350,medium
17362,medium
61643,medium
150381,medium
118315,medium
15742,medium
89650,medium
3892,medium
66586,high
73156,medium
104230,low
26457,medium
67085,medium
134967,low
32402,low
138725,medium
23684,medium
87172,medium
146533,medium
73585,medium
119569,medium
127454,low
139901,low
58459,medium
39207,medium
115328,high
96548,low
49801,medium
148389,low
16019,medium
147862,medium
33064,medium
153349,medium
111256,medium
115916,medium
31539,medium
48638,medium
110332,medium
23896,medium
108832,low
9799,medium
100989,medium
59672,medium
150899,medium
109237,medium
954,medium
10321,medium
6511,medium
31744,medium
107672,medium
45136,low
35000,medium
151386,medium
141979,high
14477,medium
131284,medium
132154,medium
18859,high
70255,medium
140416,high
15127,medium
158870,medium
154981,medium
32784,medium
100216,low
122335,medium
84676,medium
150066,high
14877,low
159882,medium
4817,medium
150712,medium
111232,medium
71171,medium
61552,medium
15083,high
134177,medium
40507,medium
148765,low
15436,medium
11648,medium
159565,high
55113,low
110033,medium
30375,low
47921,high
87589,high
131621,high
8365,medium
3513,medium
19031,medium
127306,high
23294,medium
92318,medium
151676,high
143729,medium
52736,high
40358,low
119475,medium
42698,medium
69240,low
11469,medium
145000,low
40969,low
132844,medium
125606,medium
56834,medium
44603,medium
41368,high
88683,high
87689,low
109915,medium
134704,medium
97469,high
110747,medium
28093,medium
17287,medium
151552,high
54334,medium
84520,medium
101962,medium
131945,low
7990,high
138471,medium
97637,medium
27862,high
77850,high
137335,low
48073,medium
17360,high
158362,high
10231,medium
144355,medium
123747,medium
116116,high
58994,high
113214,high
21948,high
128813,low
125556,medium
90582,low
34269,medium
15403,low
34518,medium
77575,medium
116192,medium
128433,low
147561,medium
129075,medium
80082,low
597,medium
55504,high
106292,medium
126726,low
2803,medium
130204,medium
23112,low
79865,high
10051,medium
11,high
38879,medium
50097,high
139526,medium
141622,high
12055,medium
37487,medium
68783,low
40593,medium
15140,high
134801,medium
146571,medium
103709,medium
81758,low
58188,high
107141,medium
123076,high
115306,medium
72418,low
4391,medium
153733,high
105252,high
3402,medium
2885,low
2606,medium
139321,low
96834,medium
15798,medium
23864,low
39978,low
145462,medium
100278,medium
120915,medium
126832,high
98839,high
7685,medium
139317,medium
112501,low
46968,medium
71638,low
38960,low
28061,medium
137549,medium
5012,high
160151,medium
57925,medium
6474,low
62173,low
2226,high
32112,low
68469,high
135770,high
11120,medium
152128,medium
113662,medium
13540,low
35331,low
132644,medium
153415,high
91091,medium
21442,medium
145306,medium
110354,low
106610,high
152459,low
20267,medium
108881,medium
39961,medium
148822,medium
38536,medium
72595,medium
16622,medium
86836,medium
88880,low
101727,high
17796,medium
119879,low
153436,medium
59257,high
36167,high
130866,high
69264,low
37522,medium
36825,medium
115401,medium
5327,high
89688,medium
117490,medium
126710,medium
154374,medium
25752,low
71231,high
126706,medium
88746,medium
8343,medium
72950,medium
25109,medium
107326,medium
75621,medium
17630,low
99781,high
67853,medium
89077,medium
136744,low
160448,medium
35340,high
122506,high
81043,low
82322,medium
121575,medium
132075,high
113748,medium
121281,medium
16360,medium
108570,medium
103770,low
66202,low
93400,medium
79597,high
130481,medium
86084,medium
140939,medium
29333,medium
52452,medium
59208,low
99928,high
42246,medium
93132,low
100587,high
41115,medium
156558,low
71095,medium
90179,high
143468,medium
112449,low
55177,low
150308,low
110479,medium
132906,low
100890,high
138794,medium
138941,low
62419,medium
113317,low
61128,medium
87948,medium
41005,medium
21591,medium
55139,low
38237,medium
108808,medium
31742,medium
155848,medium
10074,high
129527,medium
36382,high
80045,medium
64585,high
548,medium
70736,medium
72111,high
140623,medium
139472,low
19995,low
50689,low
2917,medium
130479,medium
34009,high
130176,low
42779,high
58807,medium
37285,low
142614,medium
58889,high
26745,medium
61529,high
23678,medium
10141,medium
21415,low
12087,medium
116578,medium
25164,medium
18086,high
95353,low
109538,high
119682,high
112127,medium
153713,medium
84148,medium
24323,medium
77926,medium
137576,medium
105333,high
77230,medium
4110,medium
78821,high
16727,high
104568,medium
38622,medium
37611,low
3412,medium
46005,medium
86619,medium
100270,medium
120174,high
23259,medium
31556,medium
23299,medium
22823,medium
37207,medium
15541,high
3583,low
159192,high
155830,medium
55140,low
48270,medium
2346,medium
109828,medium
80654,medium
3928,medium
69040,high
4693,low
104282,low
40561,medium
77450,low
156235,medium
2471,low
18227,high
147837,low
149360,low
101011,high
122073,medium
7154,low
14873,high
3203,high
134342,low
10889,medium
89449,medium
112799,medium
129550,medium
78844,medium
91440,medium
36884,low
118292,medium
74711,medium
107021,medium
48512,medium
20861,low
143918,medium
145466,medium
64112,low
90375,high
145603,medium
141712,low
59023,medium
98635,medium
73543,medium
141557,low
126115,medium
115863,medium
34649,medium
64461,medium
126961,medium
34568,medium
145799,medium
5413,high
18115,low
84455,medium
7460,low
52421,medium
67380,medium
70613,low
117143,low
146857,high
87481,low
102836,medium
60767,medium
16755,low
55524,low
67957,medium
95448,low
18829,medium
41968,medium
52602,medium
81450,high
24453,low
67815,high
127382,low
115073,high
83897,medium
36688,high
6244,low
30309,high
124816,low
120237,low
138853,medium
52811,high
70745,high
94639,medium
7476,high
98327,medium
44992,low
98890,high
10246,medium
67093,high
55526,low
36480,medium
116687,low
17893,medium
117679,medium
132957,low
120044,medium
100987,medium
6699,high
6922,medium
139104,low
138309,medium
46881,low
147094,medium
14120,low
13048,high
72281,medium
66185,high
77745,high
26315,medium
147311,medium
18473,medium
107178,medium
73022,medium
58338,medium
96141,low
74704,medium
9745,high
113712,low
100142,medium
108599,high
54789,medium
89845,medium
5339,low
127210,medium
43938,medium
103349,medium
77334,high
6639,high
65467,medium
97492,high
104072,low
62607,high
142729,high
147984,low
7071,high
81178,low
87283,medium
7906,low
51554,high
111331,medium
104281,high
39994,low
52767,low
114518,medium
54853,medium
110654,medium
113025,medium
103152,high
65219,medium
57131,medium
64710,medium
108513,medium
18715,medium
59001,medium
120678,low
49591,medium
84292,low
70452,medium
130136,medium
114110,medium
154390,low
151569,high
80447,high
117626,high
55533,medium
145276,medium
36638,low
70525,low
93808,medium
107405,high
22994,medium
33506,medium
82064,medium
80288,medium
68129,low
99292,high
31261,medium
107033,medium
45137,low
86423,low
72532,medium
48135,high
50966,medium
87801,medium
56263,high
86953,medium
158461,low
33888,medium
70746,low
65698,medium
152800,medium
143371,low
69191,medium
113547,medium
39054,medium
79556,medium
152023,high
36512,high
34145,low
104113,medium
97841,low
120801,medium
36654,high
8866,medium
50619,low
35739,high
138191,high
322,medium
106956,high
86294,medium
56796,high
18468,medium
67642,low
79541,medium
148647,low
92261,low
12841,low
13332,medium
41035,medium
136274,medium
134464,medium
85177,medium
15211,medium
88329,medium
9229,medium
92177,medium
24650,high
157535,medium
27305,low
61105,medium
18923,medium
82031,high
38043,high
51249,medium
19011,medium
151745,low
94659,medium
50044,medium
139900,high
146092,medium
140157,low
7091,low
118869,medium
86785,high
143173,medium
156475,high
113688,high
46263,medium
88658,high
139921,medium
12153,low
14324,medium
123662,low
71094,high
84444,high
24989,medium
17900,low
51581,medium
158023,high
64160,high
112606,medium
23789,low
160262,medium
96148,medium
29224,low
155109,medium
45336,high
63399,high
79726,medium
56985,high
105753,high
97651,high
148466,medium
26242,medium
55147,medium
131225,high
104860,medium
104879,medium
66557,medium
42457,medium
107052,medium
144903,high
150793,high
83562,high
67183,medium
6730,low
60775,high
58359,low
105720,medium
65514,medium
85477,medium
26079,low
143528,medium
116681,medium
126789,low
122830,low
34886,medium
146741,medium
49316,high
132944,medium
81198,medium
72815,medium
102787,medium
54364,high
69108,high
48819,medium
142529,high
32655,medium
39065,medium
98415,medium
37302,high
56198,high
152108,medium
97692,medium
9642,medium
98641,low
129874,medium
144193,medium
36577,low
54599,low
62192,low
38133,high
93246,medium
102002,high
38447,low
147568,medium
59607,low
11789,low
112570,medium
117145,medium
40188,medium
127087,low
61740,low
49793,high
37232,low
34801,high
55097,low
81876,high
65979,medium
69321,medium
151177,high
75541,medium
121580,high
58374,high
136410,low
137185,medium
41163,high
91811,medium
26450,medium
49423,medium
28489,high
91171,medium
36462,low
108160,medium
145872,low
104857,medium
158325,high
6497,medium
53752,medium
80993,medium
1357,high
112177,high
108273,high
34506,medium
43120,low
53432,medium
11392,high
36039,high
18824,medium
113434,medium
116456,high
74058,medium
88490,medium
152162,medium
30398,medium
115297,medium
28560,medium
139705,low
125992,high
32975,high
150481,high
34597,low
23408,medium
39749,low
67819,medium
25877,medium
123014,low
159309,medium
88575,high
150920,high
6032,low
87879,high
87548,medium
136022,high
36701,medium
150700,low
21844,low
150236,low
150074,high
67961,medium
93079,high
31454,low
145050,low
61397,high
83910,medium
98951,low
3343,medium
53751,medium
153378,high
66776,high
72052,high
773,medium
48963,low
100098,medium
109459,medium
108907,medium
93062,high
133485,high
42689,high
79620,medium
48115,high
87692,medium
104204,medium
93981,medium
26214,medium
97764,medium
20053,low
116706,medium
76203,medium
113059,medium
74874,medium
64829,medium
29166,low
112605,medium
79036,high
134512,low
33445,medium
88624,low
13685,medium
100822,medium
8839,medium
120636,low
160135,medium
92928,medium
128620,medium
85331,medium
116063,high
3968,medium
160674,medium
75858,medium
151718,high
131555,medium
85157,medium
108210,medium
27632,medium
107534,medium
111863,medium
103537,medium
123380,medium
97930,medium
60782,medium
22921,medium
47906,medium
106421,medium
141367,high
75311,medium
10005,medium
110619,medium
139865,low
2085,medium
142590,low
63290,high
99347,high
51001,medium
146625,medium
122605,medium
127970,low
7033,medium
17483,medium
64344,low
114245,high
90605,low
30463,medium
31193,medium
101718,low
116,medium
148631,high
81014,high
48595,medium
152383,high
102415,medium
88832,high
122980,medium
40791,medium
105847,medium
128525,medium
134632,low
134122,medium
105074,low
130974,medium
105810,medium
160032,medium
9841,medium
146632,medium
107038,medium
112968,low
149939,low
136826,medium
54986,high
43376,high
87994,high
47635,high
20476,medium
55256,high
93002,medium
144056,high
132361,high
102596,medium
83565,medium
19482,medium
67449,medium
138172,medium
139615,medium
144844,medium
17951,medium
128926,high
87208,medium
127942,medium
140880,high
125604,low
130329,medium
85708,medium
102268,high
133021,medium
44153,high
28831,high
32893,medium
30954,medium
9940,low
143536,medium
71183,high
61595,medium
153325,high
21693,medium
24049,medium
37095,low
71281,high
79373,high
154683,medium
36450,high
63518,high
40728,medium
108972,medium
79601,low
23495,medium
48324,low
110159,medium
159304,high
11124,medium
72210,high
2381,medium
54434,medium
48278,low
21471,medium
92223,medium
63934,low
42120,medium
136168,medium
70202,low
116604,medium
131022,medium
44818,medium
24881,high
71101,medium
93365,low
131631,low
4965,medium
134631,medium
52567,high
128740,high
139843,medium
139581,high
111508,medium
3988,low
40401,high
46543,medium
17636,high
93577,medium
91965,medium
126764,high
19753,low
112738,low
33945,medium
50716,medium
33580,low
159008,low
53080,medium
20251,low
77027,high
20419,medium
110109,high
22436,medium
73449,medium
12020,high
126995,high
144845,low
31936,medium
29569,medium
59401,medium
30301,medium
69868,medium
156017,medium
5156,high
129356,medium
14288,medium
148138,low
121788,low
84471,medium
111327,low
48407,high
21154,medium
150716,high
23345,high
91252,medium
96301,high
21029,low
124862,high
43461,medium
35670,high
110027,low
123933,medium
146629,medium
120848,medium
73480,low
131507,low
67110,high
96343,medium
41547,medium
40459,low
73211,medium
94221,high
34160,medium
114970,high
100291,medium
143565,medium
147464,medium
119014,high
110241,high
74689,medium
151762,high
129875,medium
94622,medium
135300,medium
45342,medium
113737,medium
80797,medium
72100,high
63746,high
140252,medium
19206,high
24589,high
19751,medium
105948,low
86324,low
146665,medium
90833,low
50120,high
142306,medium
113611,high
119718,medium
105862,medium
90295,medium
92694,medium
42854,medium
142377,medium
81337,medium
53919,medium
25121,medium
34204,low
36865,high
101746,medium
95022,high
31460,high
43933,medium
20401,medium
42994,medium
46454,medium
114138,high
88417,high
147033,medium
129502,low
19641,high
13548,medium
14027,high
136300,high
29481,low
116392,high
14919,high
37009,medium
75503,high
34725,high
131875,low
54785,medium
152191,medium
142508,medium
63759,medium
55838,low
75145,medium
25542,medium
90777,low
76601,low
151241,medium
150090,medium
25829,low
66450,medium
145983,medium
76217,medium
12249,medium
76716,low
1550,medium
148727,medium
54960,high
55968,medium
134834,high
19362,medium
154577,medium
59297,low
82781,low
122450,low
9488,high
60381,medium
33297,low
66684,medium
51069,medium
154322,medium
137898,medium
146709,low
2506,medium
96781,low
93854,medium
49529,high
23653,low
73152,medium
38843,medium
7074,low
16180,high
63284,medium
11073,high
146828,medium
99490,low
7156,medium
140760,high
107790,high
114851,medium
46419,medium
157143,low
55212,medium
104143,medium
72001,medium
25035,medium
126426,medium
151154,medium
148251,low
30401,low
103962,medium
55412,low
85855,medium
118396,low
103712,medium
100891,medium
71702,medium
127283,high
151131,medium
111989,low
156641,medium
51595,low
34571,medium
7902,high
53160,medium
39363,high
84724,low
99073,medium
16111,high
133963,low
131696,medium
98107,medium
60575,medium
8833,low
22357,low
155828,low
157811,high
18583,low
13033,low
5095,medium
307,high
83413,low
143381,medium
33566,medium
139345,high
88374,medium
92680,medium
111348,low
160054,high
29575,high
65866,medium
46580,medium
107698,medium
121628,medium
154483,low
96052,high
155030,high
97977,medium
28110,medium
69099,low
146400,low
85834,low
29899,low
138614,low
6149,low
12664,medium
4063,high
95788,high
110814,medium
129206,medium
123153,medium
64410,medium
108711,low
131248,medium
77616,low
21943,medium
65030,low
65398,high
39323,low
82952,low
131470,medium
51076,high
15487,high
42258,medium
154431,medium
29286,medium
119074,medium
919,medium
159571,low
130717,medium
92888,high
108304,low
95279,low
129240,medium
17181,high
157610,medium
151001,medium
85687,low
2760,high
148010,medium
144213,low
121193,low
59022,medium
152685,medium
19673,medium
82525,medium
65720,medium
98943,medium
94170,medium
100146,medium
101810,medium
149721,high
60986,medium
13418,high
53876,medium
49839,high
44585,medium
125256,medium
64353,high
121443,high
74930,medium
108769,medium
103580,high
86501,high
57194,low
89139,medium
55992,low
131085,medium
81763,medium
10008,medium
83154,medium
147327,medium
34012,medium
131672,medium
74098,medium
80649,medium
87513,medium
115808,low
26920,low
11866,medium
53253,high
42816,medium
96397,high
41061,high
160461,medium
65850,high
79508,low
7112,medium
141176,high
24618,medium
28616,medium
157355,medium
30738,low
91984,high
5566,medium
51259,medium
154828,low
69080,medium
141730,medium
59413,medium
27714,low
125979,medium
48309,medium
91640,medium
151317,high
108962,high
74611,medium
77953,low
120644,high
34906,medium
5370,medium
108908,medium
118809,medium
34424,high
112750,medium
91060,high
33905,low
134079,medium
101625,high
94999,low
155201,medium
121283,medium
70242,medium
72491,high
140763,low
146473,medium
110135,medium
100445,medium
51611,high
74819,medium
13348,low
137660,medium
20658,high
159567,high
33355,medium
160459,medium
116468,medium
73123,medium
73978,high
41263,high
96836,low
44461,low
25175,low
96539,medium
100764,medium
11549,medium
23994,low
148545,high
120657,medium
71858,high
10910,medium
66932,low
130513,medium
120835,medium
110469,medium
67091,medium
108768,medium
149416,medium
41211,high
144043,medium
125876,low
16035,high
148754,medium
147237,medium
43316,medium
152977,low
146034,medium
57160,low
26701,high
160733,low
616,low
148800,high
155827,high
27949,low
87436,medium
56900,low
144326,medium
98763,high
17531,low
79690,medium
78485,low
69412,high
133978,medium
143204,high
47626,high
10741,high
122881,medium
134387,medium
77200,medium
74021,high
47052,high
43618,high
26641,high
112205,medium
159253,high
35725,medium
24167,medium
86805,low
57868,medium
103046,low
87404,medium
128909,low
86356,high
54798,high
77966,high
39372,low
159269,low
127400,low
158239,medium
152359,medium
155586,high
22310,medium
125605,medium
37674,medium
82166,low
19804,medium
49789,low
127471,medium
156857,medium
2382,medium
49790,low
150278,high
79932,high
157838,high
19266,high
123748,medium
147882,low
52822,medium
94223,medium
99506,medium
21243,medium
155340,low
34037,low
107833,high
154753,medium
131801,medium
111856,medium
153445,low
139007,low
135717,high
89118,medium
43800,medium
113501,low
119959,low
76065,high
15382,medium
19286,high
135900,medium
91626,low
6466,high
139766,medium
37535,medium
87154,medium
144106,high
99688,high
136471,high
77108,medium
142845,low
51030,low
144781,high
111006,medium
39283,low
150379,medium
118790,medium
79097,medium
72151,high
100421,medium
133490,medium
11621,high
16116,medium
101748,high
9070,high
48403,low
29472,medium
125031,medium
28703,high
156044,high
94572,low
48780,high
71930,medium
81414,low
132591,medium
141633,low
91880,medium
14693,medium
82882,low
153821,medium
59312,low
94123,low
13907,low
17171,medium
159847,medium
70683,medium
30896,low
12557,medium
124049,medium
86527,medium
116469,high
85213,medium
4642,medium
137814,high
50524,low
68083,medium
113203,medium
19217,medium
74073,high
34438,medium
146419,high
23521,medium
122069,low
82164,medium
92568,low
150853,medium
41986,low
89224,medium
141396,high
85189,low
15850,medium
108828,medium
131209,medium
63115,low
95778,low
14996,low
33830,low
112328,high
43038,high
129147,high
155720,medium
92872,medium
43022,medium
48059,low
112260,medium
22717,medium
5930,medium
107108,low
138966,medium
129229,medium
62243,low
115457,medium
27811,medium
38581,medium
56217,low
116961,medium
121893,high
151206,low
1661,medium
132517,medium
70556,low
120141,high
141822,low
64478,medium
103001,low
12166,high
20606,medium
1597,medium
26373,medium
123783,medium
91182,high
135461,medium
2072,medium
74801,medium
117606,medium
63426,medium
29689,low
154593,low
122738,high
102145,medium
23173,low
97933,low
124867,high
25747,medium
103402,medium
17642,medium
28773,medium
75309,medium
2161,low
66559,medium
107835,high
16372,low
72394,high
74698,medium
144814,low
99105,low
83230,high
34935,low
130017,high
91428,high
67612,high
1104,medium
13671,medium
82508,medium
107244,low
20243,medium
136757,low
59071,medium
49199,medium
89264,high
122153,low
114985,medium
158171,medium
109571,medium
69438,medium
104318,medium
32984,low
29010,low
20748,medium
104492,medium
146189,medium
86443,medium
132394,high
36857,low
140797,medium
18198,high
49313,medium
70055,high
137254,medium
8937,high
135854,medium
103913,high
31568,medium
29996,low
115451,medium
57169,medium
95872,medium
74358,medium
135645,medium
7639,medium
41001,medium
59947,low
61568,low
44996,high
75605,medium
70866,high
46664,medium
70076,high
94284,medium
42291,medium
3008,medium
71622,medium
156054,medium
94878,high
57719,medium
116262,medium
145478,medium
58579,low
60769,high
153453,medium
125733,low
124781,medium
111627,medium
80712,medium
113639,high
157708,high
86997,medium
68824,medium
84140,medium
130648,medium
49868,low
148274,high
69845,medium
103062,medium
14989,high
121266,medium
121912,low
118751,high
64740,high
65543,medium
41939,low
39234,low
118543,medium
84664,medium
17749,medium
129175,medium
136251,medium
96057,medium
90404,medium
21902,high
9130,low
79590,low
65714,low
5306,medium
31359,medium
21633,low
51686,medium
23805,low
141349,medium
36340,medium
47453,low
155506,low
52222,low
95505,low
9397,medium
22103,high
84951,medium
122305,high
85603,medium
96971,medium
80398,medium
51038,medium
90709,high
141030,medium
2332,high
143923,medium
98435,low
106908,high
52469,medium
4737,high
8372,medium
145012,high
156648,medium
113696,medium
69416,low
140875,low
91072,high
150867,medium
150402,medium
8456,medium
152742,low
147618,medium
93974,medium
120903,medium
105649,medium
96098,high
113600,high
120647,medium
35711,high
35989,medium
56107,medium
87101,high
96290,medium
39938,high
93605,medium
88398,high
142701,high
154902,medium
81389,high
68311,medium
53013,medium
1494,medium
51577,medium
152623,high
139909,medium
90160,high
114378,medium
90092,medium
56272,low
10363,high
42350,high
60611,medium
42942,high
41151,medium
75793,medium
74870,high
125266,high
140652,low
99630,medium
58464,medium
133333,medium
73742,medium
46315,medium
95220,low
39075,high
143220,medium
65576,medium
131093,high
73733,medium
35968,high
103830,low
29017,medium
31965,low
128947,low
45153,medium
39755,high
123596,low
107797,low
69880,medium
151366,low
68973,low
67828,low
65362,low
37271,medium
158202,high
156435,medium
156322,medium
50092,low
123528,medium
30459,high
158599,low
132433,medium
68059,high
115845,high
4941,medium
57077,medium
5763,medium
133601,medium
83698,medium
97467,high
160152,medium
155452,low
77189,medium
11615,medium
131968,medium
157692,medium
47123,high
18676,medium
36655,medium
8173,high
112065,medium
46974,high
38396,medium
44577,high
137324,low
64784,high
17121,high
47407,high
77939,medium
26441,low
41441,low
26447,medium
12608,medium
5958,low
38051,medium
159577,medium
149340,medium
5838,high
117147,medium
44660,high
59213,medium
124094,high
155002,medium
16304,medium
146389,high
57319,high
159609,medium
16030,low
56715,high
59254,low
99187,medium
73839,medium
27282,low
65081,low
139468,high
66940,low
8205,low
160337,high
143782,medium
50432,low
45714,low
83759,low
77713,medium
36562,high
140977,medium
131321,medium
54522,medium
63292,medium
123006,high
105019,low
123587,low
124110,medium
27883,high
20200,high
77475,medium
116255,medium
75431,low
8646,low
68255,medium
97529,high
117594,medium
17078,medium
1806,medium
112922,medium
158685,low
122275,low
76281,medium
79378,medium
100340,medium
8865,low
59520,medium
157350,medium
150877,medium
56561,medium
72438,medium
67278,high
30560,medium
27036,high
77678,medium
51639,medium
103843,medium
155995,medium
117205,medium
32342,medium
54213,low
120445,medium
148376,medium
96754,medium
110951,medium
116872,high
69812,medium
110342,medium
103081,medium
105412,low
158343,medium
151346,low
44057,medium
39334,medium
52719,medium
134884,medium
28563,high
17462,medium
95379,medium
4001,medium
52434,low
10411,high
53586,high
156524,medium
33543,low
96927,medium
21577,low
48408,medium
157483,low
60309,high
76345,low
121033,medium
72316,medium
5291,medium
854,medium
146592,medium
27473,medium
151143,medium
95479,medium
51667,medium
68263,low
22967,high
55372,medium
1099,high
140248,medium
108817,medium
9000,low
94249,high
102373,high
81907,high
78906,medium
69482,medium
66629,low
153816,medium
91824,medium
44974,medium
85239,medium
89182,medium
67888,medium
141225,low
71929,high
152701,medium
122184,medium
4431,high
74273,high
21821,medium
17940,medium
135939,high
8973,medium
71400,medium
47851,medium
99810,medium
157757,low
37987,medium
18112,low
30190,medium
101158,low
13762,medium
93971,medium
69447,medium
85933,low
62866,high
7759,low
31811,medium
12680,low
16144,low
50108,low
1784,medium
32686,high
147988,medium
105219,high
99272,high
114895,medium
50096,medium
71633,high
19012,high
110364,high
47619,high
12220,medium
156515,medium
21743,medium
123565,low
71836,medium
113048,high
54547,medium
129292,medium
63441,medium
81685,high
14950,medium
100573,medium
100657,high
151294,medium
33026,high
134645,high
31164,medium
7650,high
34326,low
72171,medium
128298,low
21001,medium
33071,low
153705,medium
53958,low
14761,low
42266,low
108727,low
73690,medium
15025,low
3217,medium
21402,high
154877,medium
96357,medium
35320,medium
158806,medium
72781,medium
159739,medium
16953,medium
128044,medium
128919,medium
137980,low
58959,medium
17162,medium
48859,medium
119810,low
136664,medium
7409,medium
132841,medium
103745,medium
112866,medium
53225,medium
156846,high
97391,medium
25281,medium
5912,low
105987,medium
118648,medium
149670,medium
146085,medium
45782,high
52351,medium
140813,low
66730,low
50161,low
110798,medium
112587,medium
68533,medium
38240,medium
102690,low
46434,high
105682,high
79449,medium
62486,medium
117241,medium
109728,medium
141783,high
133599,medium
82891,low
45423,medium
56957,high
135197,high
160416,low
11268,low
152413,medium
51516,medium
30536,low
26587,medium
17130,high
16689,medium
54590,medium
145148,low
54325,low
28708,low
134517,medium
95296,low
125293,medium
141554,high
9891,medium
32702,medium
41950,medium
6706,high
73428,high
40637,high
40486,medium
36023,medium
35060,medium
89991,medium
66688,high
142716,medium
63872,low
139365,medium
104358,medium
147742,medium
79515,high
146463,high
31951,medium
81784,medium
81329,medium
128592,medium
98311,high
143648,medium
6721,medium
115409,medium
101007,low
133731,high
134352,medium
22714,medium
115270,high
6684,medium
44535,low
36677,low
2191,low
2094,medium
22119,medium
39477,high
87911,medium
94211,medium
63992,medium
121762,medium
144918,low
151869,medium
65384,low
131829,high
66393,medium
87579,low
143327,low
8271,low
34026,medium
78838,low
50447,medium
2053,low
25116,medium
74761,medium
131734,high
16441,high
158947,medium
150105,medium
146217,medium
150393,medium
66216,high
106519,low
43384,low
54817,low
85207,low
135091,low
132261,medium
46724,medium
39081,low
22232,medium
48758,medium
16632,low
14683,medium
70155,medium
124378,high
118989,high
36777,medium
89194,high
44638,medium
39974,medium
19813,medium
141311,medium
79904,medium
43752,medium
156170,medium
5460,low
102930,low
149161,medium
153939,medium
146623,medium
31380,medium
36639,medium
109865,low
36980,medium
132416,medium
70667,medium
112271,low
26847,low
24763,low
40857,low
36239,high
109656,medium
49723,medium
153095,medium
15086,medium
66129,low
46635,medium
39392,high
114992,low
92367,low
32892,high
169,low
12746,medium
105875,high
145833,low
116263,medium
33138,medium
75457,low
32283,medium
2340,low
76647,medium
71372,low
22549,medium
79398,medium
30171,medium
157870,medium
41844,medium
91548,medium
40148,medium
111490,medium
141893,high
126127,high
97237,high
134090,low
76503,medium
118369,low
104414,medium
20424,low
62888,medium
50760,medium
60699,low
28219,high
24918,high
138222,medium
57461,medium
159207,medium
40200,medium
9587,medium
102433,medium
90731,high
133916,medium
24486,low
21448,low
148520,low
156918,medium
78058,low
12588,medium
66044,high
108794,low
14514,low
111765,medium
85176,medium
60389,medium
119874,high
92053,medium
121080,high
30211,medium
56464,medium
91848,low
87286,high
48448,low
89742,low
6601,medium
21364,high
151787,low
673,medium
151981,medium
122567,low
125651,low
49444,medium
138290,medium
62663,medium
62156,medium
94312,medium
17725,low
7915,medium
104311,low
155027,medium
58969,medium
147909,high
89699,medium
85699,high
33289,medium
60949,low
112200,medium
60570,high
661,medium
23847,low
76732,low
9719,high
142803,low
138354,high
160735,medium
59915,medium
69751,medium
132510,high
132240,medium
150252,high
104823,high
44595,low
109838,medium
7353,medium
38214,medium
16101,medium
122868,medium
116113,medium
152789,medium
146469,medium
96401,high
110294,medium
144259,medium
121475,high
28029,medium
160145,medium
122314,medium
159828,high
89588,medium
110465,high
93320,medium
111686,high
44206,low
115431,medium
23574,low
30002,medium
146142,low
100498,medium
46176,low
1001,high
89924,medium
96256,low
54969,low
9511,low
36545,medium
23766,low
19557,medium
148667,low
40945,medium
131668,medium
74340,high
77830,medium
40296,low
29802,medium
58487,medium
142779,medium
9179,medium
141903,medium
151035,medium
58730,medium
88140,low
126920,medium
47424,high
56096,medium
18335,medium
104445,high
9425,medium
84269,medium
4200,low
75215,medium
121038,low
110971,high
3091,low
60692,medium
32741,medium
2489,low
85205,high
32972,low
47221,medium
95882,medium
4203,high
16465,low
80667,medium
84359,medium
75426,low
102570,medium
27993,high
36758,medium
12732,low
5231,medium
119267,high
96415,low
78905,low
148856,medium
137591,low
136842,high
29245,medium
126419,low
9328,low
130408,medium
73933,medium
155067,low
9553,medium
91241,medium
106301,low
129554,medium
18064,medium
122052,medium
18328,high
119653,medium
44380,medium
1858,low
11485,medium
109595,medium
120604,medium
27180,medium
103168,medium
86428,medium
50972,low
2756,medium
139642,low
39788,low
134180,medium
80357,low
40674,low
32320,medium
24931,medium
91160,medium
138723,high
5497,medium
127371,low
22601,medium
54947,medium
83838,high
70170,medium
126815,medium
95494,low
9361,medium
145429,medium
129245,high
19998,medium
66349,medium
86115,medium
37722,medium
131513,medium
86470,medium
54361,low
51002,medium
41373,medium
26365,medium
114794,medium
19271,medium
73046,high
53030,low
85672,low
110136,low
152639,medium
8807,low
114437,high
56269,medium
123118,medium
20778,low
112545,low
31125,high
47252,medium
117223,high
93941,medium
96629,low
99702,low
15364,medium
79734,low
21005,high
44738,low
82048,low
53445,medium
158047,low
128630,high
124552,medium
42668,low
126196,low
63242,medium
156922,medium
813,medium
101200,medium
9426,high
68593,medium
22279,high
135815,medium
78646,low
149068,medium
52593,high
47260,low
74148,medium
140494,low
5475,medium
65603,medium
107521,high
73367,high
32307,medium
54020,medium
59021,medium
128796,high
119108,high
30715,low
94940,medium
16938,medium
2062,medium
48754,low
25763,medium
44857,medium
50975,low
28998,high
116557,low
57604,high
84068,low
143356,medium
12855,medium
60852,low
46597,medium
71496,low
43268,medium
44425,high
54706,high
112802,medium
137816,low
113106,medium
1336,high
116836,high
50709,low
154286,high
149422,low
110718,low
103148,medium
101389,medium
44902,low
124761,low
141772,high
151450,medium
14515,low
77873,high
127989,medium
145053,high
23189,low
57216,high
130319,medium
128076,medium
75140,medium
22503,medium
129380,medium
37275,medium
145100,high
31198,high
140123,medium
63294,high
154171,medium
41155,low
96293,low
48854,medium
35084,low
152757,medium
12027,medium
153173,low
133295,medium
15336,medium
89076,low
150114,low
42928,medium
35676,low
109880,medium
7501,medium
21581,medium
92291,low
37087,medium
90747,low
146624,high
83662,medium
67193,medium
41593,medium
84566,medium
75142,high
150614,low
102357,medium
45803,medium
63217,medium
74985,low
33539,medium
103643,medium
53173,medium
41191,low
31223,high
77166,low
65971,medium
158984,medium
8165,medium
27403,medium
48422,medium
70445,medium
102462,medium
111171,medium
96694,high
51019,high
138949,medium
137439,medium
113473,medium
49666,medium
40909,medium
157217,medium
109651,medium
8239,medium
5536,high
93637,medium
30712,medium
92005,medium
145117,low
135688,high
84332,high
81247,medium
139123,medium
59263,high
18671,medium
123200,medium
138064,medium
82733,high
77054,medium
57757,high
111546,medium
119984,high
82242,high
55310,medium
109402,medium
91748,medium
30950,medium
99912,medium
56307,medium
61346,high
155763,low
151184,low
112791,high
97440,high
66338,medium
56427,high
9800,low
25884,high
128754,medium
118803,medium
84499,high
14834,high
116594,low
41636,high
62785,high
118143,low
55661,low
100257,medium
105839,high
65711,low
151786,medium
134341,high
10223,low
139678,medium
15989,medium
157519,low
7377,medium
68569,medium
148345,medium
94339,medium
48140,high
84410,medium
14400,medium
156027,low
133259,medium
19912,medium
29875,medium
140030,low
136119,medium
8907,low
113170,medium
59930,low
40704,high
96654,medium
111009,medium
79528,medium
81381,low
19256,medium
1844,low
95697,medium
34823,medium
137079,medium
29402,medium
49794,medium
35452,medium
15293,medium
68369,high
76734,low
139516,medium
37810,low
67045,medium
108169,medium
63539,high
121757,high
99200,medium
93625,high
19135,medium
38425,low
49887,medium
127779,medium
130032,medium
149656,high
142506,low
66014,high
32857,low
65862,low
146988,medium
43754,high
147427,medium
39834,low
94914,medium
123288,medium
90627,high
40514,medium
138252,medium
125837,high
145844,high
49814,medium
143673,high
65255,low
36478,high
105368,high
19533,high
149393,medium
118954,medium
79355,medium
160646,high
40917,medium
62671,high
23663,medium
33433,low
61471,medium
16322,low
79431,medium
1986,medium
49890,medium
122893,medium
9482,medium
30827,high
90711,medium
138615,medium
41907,medium
111847,high
15676,high
42849,high
159781,low
59231,medium
122295,medium
39979,medium
116338,low
45141,medium
130668,medium
43522,medium
122574,medium
142051,medium
46573,medium
17996,high
57196,medium
56004,medium
9787,low
77882,medium
58881,low
113531,medium
127429,medium
132404,medium
132734,medium
105360,medium
140472,medium
28823,high
49518,medium
67417,high
101250,high
89343,medium
65177,medium
118669,medium
89089,medium
116438,low
46505,medium
149598,high
157824,medium
159807,medium
74401,low
133434,medium
154316,high
54424,high
67635,medium
152995,high
154791,low
26209,medium
142527,medium
13438,medium
141005,medium
28146,medium
136348,medium
148469,high
63542,low
82058,medium
88370,medium
46553,medium
38059,high
35567,high
115025,medium
19159,high
71523,low
57981,medium
7339,medium
65677,medium
130816,high
119919,medium
117867,high
152086,medium
140081,low
138942,medium
148022,low
44358,medium
21957,medium
126,low
82859,high
151788,high
135521,high
83795,medium
8938,medium
25042,medium
51845,medium
85275,medium
148065,medium
19658,medium
98382,medium
24361,high
26550,high
109429,high
123120,medium
91407,medium
48621,medium
138160,high
144342,medium
76739,high
120741,medium
62371,high
99819,high
29034,low
129374,medium
48415,medium
122722,low
26306,high
89534,low
133582,high
144507,low
56940,low
126755,low
61596,medium
114010,high
63219,medium
111781,low
21091,medium
133993,medium
62405,medium
19915,high
147017,low
53388,low
5970,high
66429,medium
89672,low
48805,medium
114792,medium
17002,high
151947,low
151040,high
78985,medium
71119,medium
139496,medium
15069,low
148920,low
86049,medium
81582,low
96590,low
20306,medium
120339,medium
42860,medium
141642,medium
150828,medium
86876,medium
141472,medium
44225,high
46171,high
116536,medium
153934,medium
107548,low
83163,medium
68977,medium
100391,high
8481,medium
22352,medium
95854,low
156542,high
6620,low
66317,medium
141314,high
133253,high
56177,medium
84969,low
39610,low
69430,low
154810,high
140136,low
53816,low
64233,medium
137078,medium
127977,high
67541,medium
120055,medium
11907,high
71235,medium
104885,high
66158,high
142736,medium
71196,low
34447,low
104775,medium
56403,low
156084,medium
7206,medium
85223,low
115767,medium
118247,medium
24164,low
32555,medium
149074,high
112335,medium
8176,low
74653,high
136164,medium
85969,medium
91092,low
86531,medium
6513,medium
85923,medium
88281,low
96416,medium
98215,low
118092,medium
130111,medium
29744,low
69257,low
36162,medium
95693,high
122877,high
29331,medium
96742,medium
153811,low
35153,medium
152300,high
125325,high
16045,medium
58377,medium
137010,low
50896,medium
20743,low
28089,high
106933,medium
34198,medium
96233,high
9096,medium
75962,medium
66442,high
21183,medium
89709,medium
11260,medium
120021,medium
149252,medium
46636,high
138208,high
31782,low
79978,medium
54261,low
112450,medium
113466,medium
139197,medium
87273,medium
25862,medium
42651,low
103020,high
24876,low
49173,medium
3251,medium
45505,low
6618,low
7992,high
155494,medium
108330,high
139963,medium
49374,medium
112207,medium
86375,medium
126335,medium
51502,medium
12553,high
90846,medium
498,medium
69153,high
38874,medium
22096,medium
151800,medium
107914,medium
132465,low
8614,medium
137883,medium
81648,low
16179,high
44591,medium
126522,medium
1589,medium
147346,medium
60631,medium
132081,high
135617,low
101066,medium
108189,medium
78657,low
60483,low
46262,medium
124964,low
32495,high
78290,medium
78908,medium
129041,medium
48903,low
3993,high
153759,medium
24833,medium
75039,low
40155,medium
10247,medium
144967,high
102177,medium
58739,high
95952,high
62694,low
92304,medium
33291,medium
1155,low
127692,medium
31443,medium
90340,low
71419,medium
50863,high
96880,medium
108097,medium
118365,medium
47854,low
63124,medium
23538,medium
50098,low
32806,medium
24408,high
2049,medium
28012,low
91876,medium
91298,medium
7463,medium
39227,medium
83887,low
99520,high
86789,medium
7208,medium
124931,high
156467,high
43006,medium
7338,low
81051,medium
25534,medium
67808,high
113132,high
38267,medium
147713,medium
131121,low
95736,medium
154931,medium
67712,medium
103635,low
76236,medium
74316,medium
37012,low
112242,low
151116,medium
74277,high
143610,high
53893,high
40599,low
101114,medium
96568,medium
22220,medium
116000,medium
65178,medium
9399,high
20417,medium
128255,high
13056,medium
144995,medium
30528,low
54981,medium
51519,medium
1179,low
107528,medium
46655,high
84228,high
134697,medium
150326,low
87770,medium
30028,medium
40543,medium
18185,high
26609,medium
16094,medium
156268,medium
157445,low
54929,medium
127218,medium
154966,low
349,low
1964,low
97754,medium
157716,low
111902,low
89735,medium
134702,medium
66346,medium
147410,low
157278,medium
43184,high
123632,medium
9333,high
80742,medium
39405,low
46248,high
149738,low
14165,medium
27955,medium
47645,low
109710,medium
64553,medium
127250,medium
21823,medium
42876,medium
157696,medium
59996,medium
57197,low
76856,medium
47412,medium
118625,medium
138696,medium
77964,medium
63698,low
87041,medium
20555,medium
58577,high
24057,low
71152,high
45455,low
1700,medium
41457,medium
80640,medium
53481,medium
129384,medium
144885,medium
5969,medium
109370,medium
124471,medium
233,medium
75862,medium
150427,high
42993,low
120119,medium
22346,medium
87993,high
74038,medium
132566,high
145902,medium
6248,low
12487,low
143641,medium
134261,high
21135,medium
23752,medium
81989,high
22366,medium
33560,medium
25805,low
156304,medium
38097,medium
37656,low
102088,high
82902,high
8939,high
102998,low
136670,high
1572,high
95389,low
15604,low
61776,medium
79415,high
41894,medium
150422,low
19268,medium
97407,low
47449,medium
147442,low
144460,medium
93673,medium
57083,low
111557,high
73518,high
1558,medium
126501,low
25958,medium
47746,medium
78384,medium
100457,high
26764,low
58857,high
140229,medium
22188,medium
8563,medium
21193,medium
100691,low
90156,high
133766,medium
16402,medium
127196,medium
138159,medium
64182,low
100596,medium
70870,high
148211,medium
146780,high
100294,medium
98146,low
131896,low
38883,low
2743,high
44854,medium
69780,low
51447,low
56506,medium
83475,low
134133,medium
14403,medium
44133,medium
79952,medium
141359,high
79110,medium
11019,medium
75230,low
149256,medium
58531,high
88847,medium
142030,low
56165,medium
40216,medium
27625,high
107270,medium
136116,high
27623,medium
14916,medium
20274,medium
115761,medium
135189,medium
32687,medium
132613,low
108900,low
116842,high
15872,low
78874,medium
77719,low
102834,medium
60364,low
22165,medium
1593,low
84856,medium
143685,medium
12316,high
39942,medium
132351,high
95596,medium
54805,medium
9811,low
68671,medium
58306,low
36584,high
159080,low
72723,low
155620,high
107165,medium
149964,medium
27534,low
91821,medium
30817,medium
93876,high
91563,high
81908,medium
97828,low
114360,high
32434,medium
36574,medium
118286,medium
148523,medium
114708,low
88116,high
128523,high
38008,medium
100059,medium
25945,high
83402,medium
13147,low
112098,low
19818,medium
140477,high
88638,medium
119666,low
136950,medium
149165,medium
129015,high
33449,medium
68120,low
144063,low
97189,low
95619,medium
49853,medium
99036,high
71018,high
85626,low
160393,high
27876,low
122751,medium
111097,low
2051,medium
32476,low
32609,medium
132702,medium
17369,high
107329,high
141662,low
84261,medium
141617,low
147013,high
8756,low
44900,medium
96746,medium
152327,medium
104362,medium
129790,medium
84459,medium
49916,medium
3635,low
9831,medium
37636,high
91730,high
52625,medium
115269,high
113908,low
160508,low
5188,low
4759,medium
77126,low
72832,low
132872,high
115029,medium
129082,medium
139347,low
125993,high
76056,low
110833,medium
106426,medium
126078,medium
10388,medium
65667,medium
33852,low
160684,medium
51618,low
58831,low
129084,low
36780,medium
28359,high
134708,low
123796,high
139829,high
32169,medium
1465,medium
34882,medium
24740,medium
134277,medium
49145,low
80414,low
142663,medium
152333,medium
65863,medium
61965,medium
141522,medium
75963,medium
4172,medium
81185,low
73198,low
60451,medium
149163,medium
153219,high
33221,medium
114054,medium
4523,medium
43004,medium
83198,high
123218,medium
144165,low
13679,low
942,medium
37183,low
76083,high
93657,high
100450,medium
35753,medium
52759,high
123497,medium
80150,medium
33533,medium
39686,low
7484,high
22687,medium
15262,medium
100191,medium
145697,medium
840,medium
24800,medium
132751,low
61111,medium
83492,low
64713,high
14365,medium
66074,high
75659,high
112629,low
108116,low
47081,high
86505,medium
47762,medium
131522,high
65093,high
42640,high
106219,high
16198,medium
52114,low
74619,medium
12862,high
26855,medium
39984,low
134646,medium
54933,medium
144744,high
10806,medium
148938,low
135148,high
59837,medium
76779,medium
57533,medium
23220,medium
8274,high
20596,medium
9611,low
122788,medium
121169,medium
82666,medium
92272,medium
125377,medium
26536,medium
5351,low
118863,medium
111308,medium
99874,high
13667,high
83437,medium
24721,medium
47764,high
71666,medium
9114,medium
53340,medium
147562,medium
82760,medium
70763,medium
110543,medium
23423,high
67005,high
88660,high
52273,high
124545,medium
59225,low
15664,medium
53651,medium
119172,medium
45389,high
1445,medium
160720,low
48124,low
92299,high
74680,medium
21325,low
87618,medium
94797,medium
56571,low
55702,medium
32268,medium
74724,high
137845,medium
26532,medium
8570,medium
135603,medium
135863,medium
81839,medium
110933,high
46028,high
110505,high
3750,low
21660,high
64242,low
86516,medium
93238,high
63103,medium
52113,low
141795,medium
43261,medium
153385,medium
11499,medium
68000,medium
81934,medium
63563,medium
156752,low
92320,medium
103305,medium
118568,high
90122,high
86018,low
112833,medium
16123,medium
83614,low
101424,medium
80524,medium
85100,medium
152228,medium
92820,low
68767,medium
68532,medium
1768,high
82423,low
2255,low
146277,medium
101162,medium
80526,low
138175,medium
45561,high
19391,medium
3048,medium
57845,medium
119263,high
110820,low
26840,medium
83226,high
95351,low
109457,medium
158649,high
91110,high
30079,medium
83679,medium
147148,high
122358,medium
134024,medium
99621,low
70908,medium
84743,low
151163,low
32368,medium
68792,medium
12768,medium
67948,high
99811,medium
132248,medium
108418,high
144900,medium
63037,high
118590,low
47587,high
93242,low
13656,high
45791,low
137922,medium
59822,high
115323,medium
140148,medium
20412,high
12806,high
149366,low
153945,medium
40150,medium
101240,low
80848,medium
108224,medium
67641,medium
63645,medium
12675,low
99801,high
14092,high
14714,low
48555,medium
112006,medium
159225,medium
91468,medium
71063,medium
61781,medium
122112,low
109241,high
72242,low
84596,medium
67839,high
56650,medium
136517,medium
74872,high
11929,medium
114947,medium
5978,medium
120855,medium
60939,low
44806,medium
102485,high
150009,medium
123559,low
52702,medium
17163,medium
150688,high
34421,low
70979,medium
95919,low
129297,medium
16921,medium
17184,medium
52197,medium
84319,high
116231,medium
59598,medium
8430,medium
126716,medium
6298,medium
46726,medium
152919,medium
31466,medium
74447,high
135489,medium
108468,low
45776,medium
160340,high
41961,medium
82696,medium
61938,medium
146663,medium
128540,medium
66187,low
77632,low
87354,medium
133687,medium
94762,low
119741,medium
70865,medium
91117,medium
138861,low
114450,high
106599,low
66600,low
12545,high
64854,high
38577,medium
75706,high
156057,high
102598,low
104878,medium
83915,high
21864,high
45768,medium
109830,low
25370,low
18988,medium
71295,medium
35894,high
135344,medium
131089,medium
15543,medium
121041,medium
70632,medium
72295,high
160707,medium
35299,high
69926,high
20100,low
123480,medium
79356,low
45198,high
36917,high
96594,medium
59400,low
68253,medium
156021,medium
26471,medium
93418,high
146607,high
93554,high
149691,high
73099,medium
46283,medium
84630,medium
36226,medium
122196,medium
52072,low
96786,medium
160719,high
28023,medium
56394,medium
55277,low
78990,low
56721,medium
94446,medium
95104,high
118318,medium
111407,medium
122712,medium
11805,high
151622,low
66020,high
124433,medium
154402,medium
59934,medium
73234,low
72732,high
17320,medium
36808,medium
39554,medium
141572,low
109096,medium
34218,high
72090,high
101477,medium
78004,medium
92146,low
104606,low
80188,high
93330,high
80396,medium
47127,medium
64153,low
104079,medium
20490,low
88872,medium
98231,medium
54419,low
69528,medium
85949,medium
41467,high
94930,medium
39223,high
17825,low
97197,medium
70749,medium
78071,low
88877,high
16278,high
230,medium
90107,medium
49702,high
96152,medium
63860,medium
126599,medium
70929,medium
122554,medium
68843,low
157707,high
93017,medium
13356,medium
77650,medium
55043,medium
145009,medium
63340,high
133190,high
94607,medium
3810,high
91264,medium
302,medium
3815,high
40205,low
141332,low
70841,medium
132272,medium
58724,medium
82170,medium
91585,high
135932,low
9190,low
22880,medium
160426,medium
143914,medium
7040,medium
15333,high
15889,high
24606,medium
13244,high
1821,low
18563,medium
98673,medium
68361,high
43469,medium
116211,medium
28042,high
157128,medium
19554,low
88736,medium
54562,low
15480,high
40119,low
83214,medium
123591,medium
70450,high
131637,medium
67080,medium
144808,high
1740,medium
38753,medium
80501,low
88600,medium
1110,low
79190,medium
41414,medium
135570,medium
90001,medium
139608,medium
140296,low
99160,medium
116877,medium
25587,medium
34035,medium
45343,medium
89708,medium
32570,medium
145469,medium
74792,medium
144009,low
40081,medium
78931,low
101235,medium
78028,medium
48923,medium
30869,high
81064,medium
136848,medium
153531,medium
103785,low
67663,low
120377,medium
24853,medium
99727,low
149932,medium
62387,medium
57182,high
93334,medium
36142,low
81150,low
84781,high
101505,medium
1812,high
49223,medium
137562,medium
124834,medium
143688,low
129488,high
139309,low
81263,medium
78201,medium
117739,low
16043,low
61273,low
120224,low
11643,high
100700,medium
79673,medium
126812,medium
66554,low
107783,medium
82770,medium
149680,low
75362,medium
3424,high
125924,medium
114441,high
149671,medium
22443,medium
72748,high
96281,medium
83359,medium
124035,medium
21445,medium
129209,low
22799,low
25120,low
78868,medium
24420,low
119346,medium
5403,medium
109621,medium
36525,high
28178,high
79652,medium
6682,high
60849,medium
41243,high
151220,high
71355,high
13334,low
35781,high
65803,medium
109092,low
28774,high
48667,high
53938,low
12969,medium
69588,low
38206,low
17842,medium
114714,medium
135954,medium
60678,medium
101164,high
10749,high
88483,medium
117069,medium
73039,high
89942,high
121127,low
106438,low
83556,low
77742,low
751,medium
86543,low
157907,high
58598,high
144824,medium
15982,low
5604,high
101645,low
45474,medium
54925,low
107804,low
143006,high
46668,medium
30617,medium
15571,medium
137742,low
58824,high
142345,medium
73972,medium
130127,medium
2127,high
114334,high
68577,medium
116156,medium
1761,high
48446,medium
43632,medium
46904,low
54461,medium
26311,medium
73193,medium
80167,low
106345,high
28497,high
58162,medium
50537,low
150079,medium
41012,medium
33638,medium
149920,medium
17526,medium
125832,high
121322,low
29093,high
157416,medium
121117,high
13578,high
113836,medium
94702,high
82013,high
112363,high
74926,medium
84065,high
81982,high
129644,low
63954,medium
152001,medium
38359,high
104063,medium
119961,high
82008,low
141819,medium
5117,medium
14028,medium
116131,low
49894,low
28459,medium
71484,medium
134818,medium
150292,medium
65921,high
72516,high
152185,medium
159661,high
28080,medium
151415,low
36048,medium
86652,low
32122,medium
106923,high
120196,medium
149148,medium
62088,high
113778,low
140509,medium
12749,low
38132,low
4066,medium
1578,high
30239,high
76295,medium
67100,medium
76279,medium
13449,medium
149509,medium
57386,high
60147,medium
111023,high
92670,medium
87835,high
114078,high
51174,high
88547,medium
155547,medium
105664,low
59407,medium
96373,medium
86046,medium
18501,low
49376,low
108414,medium
27838,medium
33302,high
110784,medium
120171,medium
144228,medium
33243,high
78236,medium
152684,medium
141837,medium
159058,high
9766,medium
16771,medium
68719,medium
45815,medium
102430,medium
141238,high
157926,low
145864,medium
88423,medium
107027,medium
100260,medium
40437,low
10371,high
142849,low
98492,medium
70216,medium
125642,high
24823,medium
86628,medium
132624,medium
72790,high
157613,high
19922,low
153999,high
603,medium
128699,low
28928,high
148239,medium
86837,medium
56523,low
58731,medium
133316,medium
22729,low
151269,low
93764,high
56901,low
105364,medium
72508,low
97737,low
98611,high
120225,medium
73319,medium
153761,low
59397,medium
75759,medium
79957,medium
43997,medium
77592,medium
86714,medium
94771,medium
10358,low
83375,medium
85427,low
113821,medium
10212,medium
128881,medium
129818,medium
68183,low
158207,medium
95866,medium
123178,medium
22039,low
40586,high
29302,high
5526,low
137877,medium
77639,low
6391,medium
107634,medium
102291,medium
135488,high
131661,medium
53910,medium
120520,low
16158,medium
121412,medium
60854,medium
57523,high
138100,medium
71385,medium
157971,medium
3728,low
83001,medium
56934,high
104754,low
143454,medium
53976,medium
103442,medium
139976,low
2801,high
75048,medium
47570,medium
150045,medium
110200,medium
95789,low
11659,high
151609,medium
101878,low
102862,medium
42143,medium
109598,medium
109062,high
49388,medium
21151,medium
29545,low
3718,medium
54103,low
48728,low
77001,low
84149,medium
160071,medium
160652,medium
101971,high
128622,medium
12411,medium
3949,medium
125727,medium
129594,low
123638,high
36144,medium
122595,medium
156177,medium
68467,medium
116314,medium
9352,high
34363,medium
1210,medium
28490,medium
93884,high
112741,medium
92649,medium
111017,low
33151,high
62375,medium
32466,medium
157675,medium
97549,medium
118562,low
2229,medium
152671,medium
41682,low
98093,high
40584,medium
45850,medium
102279,medium
116965,medium
159517,high
114902,low
69384,medium
25085,medium
54074,medium
50847,high
102794,low
38426,medium
108053,low
25278,high
71517,high
65822,medium
123936,high
114215,low
148168,high
99913,medium
7911,medium
49722,low
136449,high
11755,high
814,medium
75777,medium
130125,high
142739,high
71756,low
106556,low
158438,high
100644,medium
61108,medium
144676,high
138416,high
136797,medium
157604,medium
49771,medium
20115,high
49848,medium
95152,medium
56343,medium
30689,medium
46289,low
145302,medium
156321,low
24724,medium
83682,medium
65439,low
54397,low
94404,medium
126818,medium
160365,medium
137754,low
65417,medium
117830,medium
84618,medium
27463,high
82180,medium
132521,medium
112072,low
133136,high
117499,high
18311,medium
3253,medium
75664,medium
123913,medium
129904,high
136338,medium
2814,medium
51988,low
115231,low
87093,medium
127092,low
1011,medium
39537,medium
10393,medium
159194,medium
106203,medium
21767,medium
4160,medium
46433,medium
9581,medium
49405,low
55617,medium
33489,low
89695,low
154183,medium
40601,high
130731,low
79790,medium
37732,medium
20091,high
52331,medium
87364,low
137867,low
148978,medium
15596,low
2467,low
53500,medium
97827,medium
104554,medium
95877,medium
89948,medium
113586,medium
5307,high
108126,low
118425,low
95618,high
154968,low
160458,high
87098,medium
82735,medium
133455,high
104061,low
32261,medium
93589,medium
116585,medium
20549,medium
41056,low
59377,medium
98245,high
90165,low
71190,medium
47721,medium
123782,medium
25458,low
38276,medium
3452,medium
21702,medium
117992,high
101221,medium
106554,medium
20278,low
5626,high
43948,medium
45335,high
57127,medium
138970,medium
75136,high
54891,high
128924,high
117665,low
137589,medium
139382,high
94174,medium
66900,medium
74871,medium
42359,medium
7527,medium
143756,medium
118471,high
71478,medium
149120,medium
99937,medium
36998,medium
136771,medium
149869,high
133381,medium
5254,medium
113388,medium
149768,medium
72946,high
65342,low
18172,low
48818,high
98368,medium
101646,low
20439,low
22634,high
94114,medium
145470,medium
53573,medium
22058,medium
127621,medium
3297,low
2541,medium
20982,low
154819,medium
158355,medium
72631,medium
7972,medium
46154,medium
143076,medium
154604,medium
49358,high
154765,low
55261,medium
49679,low
156107,low
17575,medium
135649,medium
45844,medium
30436,high
49381,medium
66920,low
10139,high
30195,low
29175,medium
138733,low
28407,high
114897,medium
21363,low
18785,low
29722,medium
67480,high
73979,low
33583,medium
146424,medium
122812,medium
148417,medium
131620,medium
87877,low
82958,low
58752,low
133450,low
136030,medium
59174,high
131086,high
2666,high
4412,high
17638,high
114843,high
77770,high
59474,high
16505,low
86192,medium
105966,medium
33967,high
37257,low
147910,medium
158496,high
115310,medium
135616,low
140843,medium
37762,low
35712,medium
709,low
93821,high
139744,medium
115067,medium
142798,medium
33820,high
119536,medium
122326,medium
65852,high
83024,medium
80152,high
115677,medium
127990,low
97029,medium
19168,low
94158,low
111590,medium
84666,medium
77294,medium
54225,high
95283,medium
10053,high
114418,low
48998,medium
37459,medium
6841,medium
3327,low
139460,medium
49690,medium
105110,medium
94638,medium
68161,medium
117213,medium
111741,medium
9958,low
121515,medium
144435,high
158283,high
141742,medium
159593,medium
55010,high
45574,medium
33681,low
158356,low
13648,medium
147283,medium
144703,high
119273,high
130193,medium
54295,low
127760,medium
87569,medium
83620,medium
7438,medium
143629,low
140638,medium
148700,medium
135951,medium
93404,low
50977,low
98174,medium
140163,medium
21309,medium
53018,medium
14444,high
24230,high
98505,medium
105795,medium
59483,medium
105825,high
61953,high
98359,medium
11901,medium
100363,low
141386,medium
109514,medium
84395,medium
116644,medium
124539,medium
33685,high
139287,high
125368,low
27018,medium
133975,low
148794,high
100406,low
83071,medium
7404,medium
114259,medium
83636,high
119403,high
100263,medium
7317,medium
4411,medium
86205,low
146327,medium
76460,medium
136694,medium
49021,medium
153498,medium
79483,low
134053,medium
104200,high
157952,medium
2552,medium
3639,high
12531,low
142090,medium
10447,low
153890,medium
117973,low
68112,low
140040,medium
13212,medium
135087,medium
84763,high
76736,medium
88775,medium
29679,high
10794,high
85985,high
130732,medium
81032,medium
120513,medium
90103,medium
52547,medium
156455,medium
117948,medium
144981,high
82930,medium
64485,low
121717,medium
23404,medium
134128,high
92889,medium
25040,medium
35406,low
89141,high
138928,medium
160019,low
92208,low
144920,medium
158555,medium
151065,high
130454,high
143929,low
10269,medium
29060,low
73659,high
133749,medium
14470,medium
2060,medium
34138,low
4583,high
49795,medium
53658,low
102498,medium
65838,medium
117219,low
1309,high
158799,high
32220,low
53028,medium
37892,low
43963,low
39534,high
123987,low
30198,low
112508,medium
77819,high
77974,high
10659,medium
35234,low
44847,high
43606,low
155697,high
103388,medium
80133,low
16060,low
92811,high
19545,medium
90185,medium
50283,low
47190,medium
114766,low
114691,high
28514,medium
35038,high
158647,medium
156114,medium
99873,high
24228,medium
146105,medium
90967,medium
74913,medium
147849,medium
11323,medium
32723,medium
69911,medium
109392,high
80148,medium
80926,medium
117487,low
108174,medium
54554,medium
79563,medium
113753,medium
57124,medium
43701,medium
158992,medium
101469,high
86885,medium
113038,high
137312,medium
49458,low
56293,low
129123,medium
125247,high
23925,medium
60282,medium
129145,medium
13385,medium
8658,medium
42745,medium
7431,low
105687,low
158990,high
29064,medium
78404,medium
55996,medium
127126,medium
37775,low
46408,medium
59910,medium
24515,medium
38733,medium
29837,medium
105280,low
39019,medium
40842,low
137071,medium
30304,high
60524,medium
67225,medium
106693,medium
147487,high
127439,low
18596,low
20189,medium
88848,medium
146313,high
54920,medium
60077,high
100160,high
146640,medium
90435,high
84329,medium
88039,medium
128858,medium
97461,medium
111340,high
101859,high
145676,high
77313,low
7738,medium
28656,low
72893,medium
29729,low
31926,medium
129567,high
69748,high
69291,high
96458,low
80985,medium
120240,medium
52990,low
62753,medium
71153,medium
104007,low
120042,high
94539,medium
23078,high
32830,high
138363,medium
31305,high
135173,medium
112974,medium
72935,low
141686,low
131196,low
8132,medium
69724,high
59928,high
91463,high
110429,medium
48101,medium
31469,medium
122199,low
71792,medium
5,low
153005,high
40697,medium
135964,medium
22915,medium
53769,medium
68438,medium
157213,high
149504,medium
58289,low
148255,medium
9999,medium
110893,high
45163,low
57254,high
120299,medium
125010,high
74553,medium
129686,medium
35731,high
70495,medium
114186,medium
65006,high
3560,medium
45377,low
149507,high
48979,medium
135313,low
125481,low
94551,medium
112379,medium
10228,low
60905,high
22132,medium
38631,low
83145,medium
48495,medium
25498,high
74303,low
82551,high
110398,medium
140884,high
30666,medium
130526,medium
80770,high
95137,high
124817,medium
19130,low
137545,medium
100738,low
832,high
68213,medium
156804,medium
82394,low
136040,medium
62826,low
33253,medium
121556,high
150262,medium
7452,low
29160,low
46222,low
70413,low
73943,medium
730,high
88830,medium
159714,medium
88915,medium
82704,low
92350,high
119629,medium
124788,low
19166,medium
84584,medium
53743,high
55402,medium
111646,medium
115482,low
118329,medium
75291,high
93799,medium
83586,low
46069,high
150129,medium
148715,high
158879,high
116258,medium
116154,high
45826,low
54718,medium
159782,medium
50751,high
121133,low
130958,medium
143258,medium
67296,medium
11799,low
8020,medium
141655,high
92700,medium
2339,low
42282,medium
89609,high
52534,high
92298,medium
122928,medium
44821,high
35673,medium
48259,low
108318,low
152363,low
85726,medium
145982,low
150280,medium
118042,medium
111338,medium
24922,high
67651,medium
102167,medium
121701,medium
58887,low
22026,high
87276,high
72788,medium
15345,low
4895,high
14903,medium
59205,medium
35795,medium
142263,low
151221,low
83259,high
115498,high
114214,medium
12807,medium
145048,low
124180,low
79962,medium
46140,low
60567,medium
90518,low
87418,medium
68334,medium
102140,medium
44787,high
56569,low
17880,low
109691,high
67556,medium
78090,medium
141173,low
34202,low
10820,low
157533,low
143159,medium
116188,low
71259,high
116788,medium
135943,medium
151766,medium
40796,low
104619,low
141126,medium
82454,medium
113958,high
147600,high
6505,medium
21859,low
21712,low
101510,medium
63899,medium
128811,low
87777,medium
144756,medium
78029,high
71428,medium
130518,medium
136013,medium
140845,medium
123643,medium
104789,low
125758,high
109832,low
32095,high
98003,low
61790,high
45922,medium
100426,low
17595,medium
29209,medium
74080,low
144520,low
34455,medium
106277,low
33415,medium
43112,high
50159,low
149282,medium
48292,high
31279,medium
11364,medium
113230,low
84915,low
109853,medium
69919,high
11387,high
119801,low
30238,medium
89516,medium
129900,medium
106270,low
114433,medium
84370,medium
123582,high
104957,low
70780,low
44930,low
149134,high
156355,medium
73422,high
71008,medium
154971,medium
77708,medium
84967,medium
64959,high
15476,high
156398,high
75546,medium
2671,medium
145783,high
79458,medium
74387,high
78789,medium
125347,high
36442,low
90701,low
10121,medium
118667,medium
153882,medium
100664,medium
60815,high
105588,medium
4403,medium
15722,high
79933,low
26759,medium
117449,medium
16218,high
65508,medium
7546,medium
153338,medium
107129,medium
156795,high
28830,medium
96108,medium
143399,high
128094,medium
108483,medium
38328,low
109388,medium
146773,high
143081,medium
143257,medium
8034,high
137025,medium
125391,medium
88193,high
11109,medium
56318,medium
67562,medium
90226,medium
13404,high
86257,low
24000,medium
148033,medium
53540,low
52877,high
118910,medium
62676,low
85778,low
92460,low
101370,low
35874,high
12939,low
91237,low
123894,medium
11827,high
115305,medium
62316,medium
13456,medium
113953,medium
108256,medium
108012,high
19891,high
157823,low
83832,high
72662,medium
97740,medium
134934,medium
75635,high
139882,medium
127055,medium
91607,medium
61334,low
45550,high
34489,medium
135393,medium
32247,medium
113276,high
131038,medium
24952,high
16545,medium
102025,medium
136246,medium
118752,medium
84997,medium
44340,medium
156299,high
63585,low
70785,medium
32478,medium
158216,medium
78214,medium
106894,medium
81146,medium
37564,low
4742,medium
151666,low
73819,high
40017,high
6378,medium
108870,medium
96621,high
69758,high
134682,medium
99911,medium
134657,medium
83918,medium
60223,medium
25132,high
54214,medium
74375,medium
62148,medium
8848,low
121718,medium
102590,medium
108584,medium
87214,medium
117589,medium
118781,medium
9280,medium
157165,low
91708,medium
133615,medium
118275,high
38109,medium
137238,medium
23384,medium
112008,medium
123277,medium
123205,low
56556,high
114288,low
106013,medium
68136,medium
72943,high
78292,medium
129668,medium
63853,medium
45461,medium
19788,medium
135062,low
121752,high
46731,high
52068,medium
6526,low
139640,medium
64862,high
160242,high
41042,high
38300,low
60344,medium
142421,low
108897,medium
19745,medium
64539,medium
137414,medium
155608,medium
14876,high
88970,low
93339,medium
42111,medium
144873,high
68669,medium
132422,medium
106606,medium
46888,low
88643,medium
102869,low
28516,medium
124608,medium
154480,medium
53824,medium
89074,medium
116513,high
137150,medium
65096,medium
99190,medium
68561,low
94348,medium
140191,medium
49096,low
86352,medium
11765,low
107424,high
41183,high
64802,medium
71733,medium
135205,high
57252,low
73521,medium
18508,high
101606,medium
19021,low
63636,high
9341,medium
129033,medium
94154,high
67691,medium
148147,medium
40274,medium
133514,low
42830,high
64459,medium
16711,medium
145287,medium
58471,medium
64846,medium
48654,low
129022,medium
151394,medium
73577,low
14854,low
58804,medium
7933,medium
22607,low
78491,medium
36774,medium
29706,high
136239,low
6014,low
50732,medium
31252,low
8694,high
76198,high
14718,medium
30782,high
127132,medium
45251,low
102657,medium
34435,medium
73191,medium
14538,medium
63004,medium
38888,high
49043,medium
156787,medium
81901,high
84603,medium
36179,medium
32548,medium
2440,low
115838,medium
84234,low
107546,medium
14596,medium
52576,low
122652,medium
132547,high
143749,low
62,low
151256,medium
29265,medium
3385,medium
92450,low
13776,medium
91576,medium
136100,high
124051,high
115517,medium
105264,medium
135750,high
45657,medium
2006,medium
146786,medium
160067,medium
99924,high
54663,low
87034,medium
154686,medium
149917,medium
141482,low
44138,low
94794,medium
156332,medium
2469,high
4873,medium
92869,medium
20721,low
87711,medium
45348,high
73595,low
92676,high
12769,high
119377,low
64364,high
144789,medium
65136,high
18022,medium
79966,medium
48111,medium
142408,low
76489,low
8901,high
42455,low
132019,high
12700,low
136747,medium
159803,high
53800,medium
127682,high
84514,medium
102799,medium
81623,medium
74109,medium
11599,medium
33102,low
131452,high
109579,low
43682,medium
51090,medium
134272,low
114029,low
122182,medium
61767,high
57805,medium
24480,medium
60550,low
132727,medium
72234,medium
24621,medium
125425,low
151605,medium
82483,medium
65008,low
136282,medium
64951,medium
43579,medium
29586,low
98249,medium
135179,medium
135426,low
20845,low
10739,medium
142757,medium
159360,medium
78571,high
30440,medium
44151,medium
40239,medium
8353,high
152830,medium
111166,low
124341,high
11553,medium
41679,medium
41732,low
4522,medium
74296,high
57224,low
132356,high
84314,medium
58449,low
22390,low
102677,low
83695,medium
31958,medium
72841,low
139663,low
77353,high
39809,high
83835,medium
10654,medium
95794,medium
125574,high
151005,low
8599,low
92130,medium
104280,low
47017,high
122532,low
64695,low
65945,low
73912,medium
32119,high
120066,medium
59684,high
90402,medium
154634,low
22794,medium
1631,medium
14706,medium
63972,low
71233,medium
106166,low
35480,medium
132449,medium
81624,medium
73438,low
10525,medium
43506,low
10198,high
89755,medium
102132,medium
94627,low
142665,low
14498,medium
30188,medium
58397,medium
63141,medium
13134,medium
89769,medium
14539,medium
147343,medium
102014,low
75201,low
155151,medium
49414,low
122241,medium
33406,low
130786,low
122360,medium
90851,high
126342,high
153745,medium
24324,high
91387,low
128684,high
90158,low
130806,low
120131,low
75675,low
32563,medium
8632,medium
110874,medium
156400,medium
49029,medium
50066,low
136038,high
76777,low
54063,medium
46938,high
76343,medium
16559,high
116903,medium
124663,medium
7706,medium
1132,high
103074,medium
115500,medium
111582,high
85979,high
67947,medium
154074,medium
154086,low
41154,medium
35356,low
106333,low
92302,medium
110596,medium
82595,medium
128014,medium
100381,high
18455,high
35805,medium
67209,medium
46135,high
144119,high
127675,medium
8397,medium
59956,medium
142443,low
151846,medium
126998,low
112592,low
80193,high
77221,medium
46459,low
121391,high
62281,medium
82578,medium
63921,medium
71645,high
127866,medium
76339,medium
160579,medium
99010,low
139690,low
73911,low
70150,medium
44273,medium
27063,medium
103421,high
36277,medium
68920,high
128284,high
119517,high
105105,medium
93855,medium
132569,low
94090,medium
79200,low
157556,medium
33112,high
105529,high
117723,medium
35227,medium
111739,medium
18093,high
12079,low
153543,medium
72466,medium
26279,high
112692,medium
25253,medium
72752,medium
87119,medium
80423,low
129772,medium
3245,low
104163,medium
49074,medium
98095,low
28026,high
132167,medium
71082,high
86941,high
155144,low
21692,medium
148104,high
144465,medium
78587,medium
94730,medium
6103,medium
26875,medium
54363,low
124265,medium
117902,medium
39507,low
74852,high
61500,high
79622,high
69512,medium
64258,medium
73533,medium
148393,high
153212,medium
88351,low
130879,medium
68552,medium
126975,high
59458,low
136144,medium
94137,high
50054,high
19969,high
24141,low
155211,low
77782,medium
158125,high
7335,medium
113405,high
46225,medium
30668,low
57326,medium
131417,medium
65381,medium
56701,medium
139866,low
78738,low
69876,low
10541,medium
33051,low
43936,high
52516,low
137170,low
34177,high
149481,low
30894,low
47685,high
5759,medium
92118,low
126791,medium
2152,medium
45085,medium
55502,high
126443,medium
97533,medium
104722,medium
155956,low
12053,low
64869,medium
114697,medium
74539,high
139934,medium
37782,medium
24617,low
37003,medium
10445,medium
122147,medium
53637,medium
87016,low
63429,medium
18677,medium
133343,low
82140,medium
140772,medium
132897,medium
125659,medium
11242,high
45710,high
42637,high
124696,low
26231,medium
39355,medium
56284,high
84788,high
29127,medium
155417,high
6238,medium
23337,high
108699,medium
29227,medium
49762,high
147557,high
55531,low
147504,medium
4970,high
15299,high
76170,medium
23625,medium
103759,medium
155073,medium
7885,medium
135271,medium
132720,low
80093,high
132903,high
73548,medium
119002,medium
68787,medium
73368,low
86335,high
89616,low
112977,medium
106980,medium
68282,medium
43129,high
9173,low
115020,medium
146880,medium
37482,medium
145716,medium
156483,low
146212,medium
158549,high
92891,high
102697,medium
75427,high
25026,high
91304,high
87790,medium
71713,medium
157999,low
7837,medium
6669,high
48122,low
133520,low
150019,medium
89508,medium
80645,low
20950,medium
127754,low
97294,high
101800,medium
62294,low
105463,low
80497,high
134919,high
80871,medium
45207,medium
156794,medium
87749,low
12167,medium
59510,medium
105780,low
136813,medium
106989,high
67543,high
7180,low
91895,medium
93197,medium
129943,medium
112933,low
97417,medium
160759,medium
111817,high
140310,low
38554,high
136369,medium
100547,high
112820,high
20371,medium
115657,high
93715,medium
11641,low
125170,medium
109037,medium
13369,medium
124235,medium
110189,low
57150,medium
110347,low
90472,medium
109242,medium
40610,medium
128357,low
128825,medium
40967,low
22966,high
2862,medium
152226,medium
112182,medium
13846,high
109754,medium
24681,medium
123648,medium
107236,medium
16146,low
91556,low
18721,medium
74815,high
48151,low
6572,high
36974,medium
400,high
152636,high
116704,low
41011,low
133557,high
146148,medium
87935,high
6873,low
29888,medium
150010,medium
24628,low
30558,high
19825,medium
51098,medium
92097,low
139085,high
159033,high
12996,medium
26031,high
107729,medium
53619,high
34995,high
150755,low
11763,low
13542,high
109479,low
139667,high
85539,low
860,high
121380,high
143085,medium
108291,medium
143633,medium
94789,medium
35169,high
78351,medium
19006,medium
106074,low
24494,medium
140649,medium
131104,low
125602,high
25129,low
92161,medium
37798,low
147428,medium
157795,medium
147690,medium
59390,medium
41871,high
85021,medium
113992,low
53889,medium
150584,high
120556,medium
94649,high
66384,medium
5463,medium
14792,low
43031,medium
29980,medium
156808,low
63244,low
149803,high
137797,high
14408,medium
119548,medium
42534,low
151229,low
7073,medium
124958,high
37062,low
87803,medium
92081,high
160193,medium
27154,medium
148818,medium
116004,medium
41811,medium
36986,medium
152209,high
98101,low
91637,low
60587,high
87923,medium
5027,high
48590,medium
126204,medium
35244,medium
149639,medium
56112,medium
74647,medium
58056,high
13593,high
153149,high
59015,medium
95458,medium
32096,medium
45190,high
119997,medium
94590,medium
4165,medium
23134,low
98846,high
49952,medium
69576,low
139436,high
37064,medium
138075,high
27555,medium
94096,medium
32517,medium
153209,high
144237,medium
57006,medium
97420,medium
86559,high
63748,low
176,high
9242,low
131392,medium
101429,medium
7265,low
40079,medium
52167,medium
25505,low
73439,high
143643,medium
58821,medium
47090,medium
20914,high
66874,high
19309,medium
15295,low
35649,medium
74478,medium
98416,low
128685,medium
135375,low
52491,low
152132,medium
31966,high
50724,medium
92017,high
69295,medium
258,low
15219,medium
41305,medium
51977,low
116312,high
22681,medium
54190,medium
153205,medium
103076,high
30957,medium
18353,low
15477,high
113320,low
95027,medium
152107,medium
62200,medium
140169,medium
113238,high
36224,low
4804,low
132730,low
106325,medium
48019,low
54610,high
111081,low
136117,medium
156595,medium
113477,high
75917,low
97486,high
133709,high
93191,medium
52330,low
36929,low
90327,low
52486,medium
43014,high
37935,low
113757,medium
77311,medium
12148,low
87304,low
34525,medium
27375,medium
60995,medium
22468,low
151938,medium
72454,high
135614,medium
108023,high
77392,low
131994,high
19957,medium
37497,low
70169,low
80116,medium
76820,high
67920,medium
147611,high
135519,medium
22163,high
51257,medium
76720,medium
143212,medium
95732,high
57256,medium
69160,medium
63838,medium
37519,medium
65640,medium
109361,medium
151374,medium
20669,high
15903,low
81655,low
16416,low
3097,medium
49971,low
57921,high
74775,low
66593,low
76372,medium
108143,medium
115433,high
56089,medium
31867,medium
51107,medium
160718,medium
7793,low
54784,medium
96014,medium
74107,medium
81689,low
39825,medium
60236,medium
51789,high
66532,medium
75272,medium
131336,medium
27352,medium
121730,medium
96315,medium
82184,medium
79009,medium
103892,high
118179,medium
64888,low
32877,high
29484,medium
20135,medium
132505,high
100894,low
65155,low
40179,high
49610,high
66946,medium
80513,low
133341,high
10704,high
99003,medium
46357,medium
96934,high
65894,high
131319,medium
5358,high
121954,high
1924,medium
5664,medium
103134,low
82792,medium
93054,medium
54382,low
144946,medium
123718,medium
65181,low
14258,low
7086,low
113153,medium
119359,medium
131270,medium
47318,high
11193,low
7186,low
130515,medium
88286,medium
93802,medium
128417,high
121639,low
151874,medium
120188,high
10798,low
47971,low
39609,medium
76563,medium
45443,medium
130407,low
108329,high
58067,medium
3092,medium
132058,medium
97674,high
29410,medium
137607,medium
13739,medium
146040,medium
43775,medium
69945,medium
65458,medium
69182,low
135060,high
62474,medium
103865,low
124320,medium
61120,medium
23729,low
144515,high
90374,high
95471,medium
137528,medium
131949,low
76214,medium
50991,high
29577,high
122915,low
54448,high
108300,medium
52630,medium
141366,low
118912,medium
89664,high
39816,medium
62615,medium
61530,medium
120689,high
95826,medium
149027,medium
46332,medium
45720,medium
22676,low
96993,medium
89469,medium
110975,medium
33407,medium
110992,medium
59566,medium
121114,medium
148594,medium
91850,medium
106902,low
149122,medium
20659,low
137458,medium
11094,medium
108855,low
59790,medium
19655,low
151570,medium
91959,high
141483,medium
41666,medium
37647,medium
61648,high
53572,medium
18807,high
46809,medium
107214,low
79841,medium
112780,high
99015,low
99028,low
77569,medium
134243,medium
68206,high
127494,medium
114316,medium
107813,high
28432,low
6640,medium
58111,low
81101,high
89322,medium
62004,medium
141160,medium
121373,medium
22065,medium
152599,high
118616,high
128408,low
104841,medium
135852,low
95328,low
34686,medium
35465,medium
133052,medium
159143,low
48988,medium
43301,medium
38069,low
130405,high
135034,high
69584,medium
159206,low
131527,low
33607,medium
87277,high
125710,medium
4059,low
126648,medium
133474,medium
54873,medium
61704,medium
51181,medium
132403,high
55954,medium
78234,low
104211,medium
144337,medium
83329,high
76867,medium
100135,medium
45637,medium
21590,high
159479,medium
133906,medium
87535,high
48571,medium
124778,low
88769,high
39289,high
55232,medium
121148,medium
113251,high
123915,high
17768,low
107601,low
144464,high
66746,medium
23169,low
149667,low
26955,medium
127749,medium
140815,high
14215,high
149439,low
81951,medium
109081,medium
8962,low
5960,high
15425,medium
28550,low
44188,low
70219,low
103885,medium
47047,low
144770,low
144867,medium
54930,high
157710,high
62179,low
57545,low
50675,low
146401,medium
63890,medium
74385,high
12480,low
96172,high
149419,low
97609,low
56763,low
139372,high
28472,medium
58678,medium
45864,high
154838,low
148626,high
81543,medium
76471,medium
77824,medium
68266,medium
71500,high
5453,medium
81410,medium
140569,medium
21468,high
37199,medium
114519,low
7720,high
123871,medium
57469,medium
31428,high
49622,high
102908,low
11745,low
24112,medium
96464,medium
9386,low
100682,medium
46836,medium
31135,high
143977,medium
94273,low
154719,medium
12115,high
96095,low
111273,medium
131843,medium
55231,high
117356,medium
50433,low
82906,high
72675,high
36627,medium
31052,medium
92506,medium
159704,medium
8421,medium
105290,low
137688,medium
141685,medium
102103,low
139139,high
15458,low
129109,medium
147423,low
103418,medium
76206,high
142999,medium
114556,medium
73553,medium
102521,low
15959,medium
64834,medium
57110,low
132532,low
149665,medium
64359,high
129279,medium
145165,medium
135329,medium
67371,medium
42172,high
50891,medium
115446,medium
119856,medium
37418,high
37559,low
120726,low
68132,high
138443,medium
127229,low
95837,medium
40033,high
76704,high
94823,high
35229,low
67865,low
13895,high
74610,low
29390,medium
108378,medium
62427,medium
102774,high
55568,medium
155397,medium
98805,high
45287,high
146982,medium
127859,medium
55955,high
71966,medium
101643,high
8159,medium
14670,low
20372,medium
51466,medium
80438,medium
50008,high
51071,low
75935,low
146735,high
55787,low
50312,high
97592,high
100288,medium
13127,low
13974,high
47837,medium
60137,high
96299,high
7823,medium
151691,medium
81522,high
64855,high
122485,medium
115103,medium
123697,medium
107559,high
11561,medium
23517,low
57473,medium
23451,medium
87085,low
152641,medium
20292,medium
60773,medium
132595,high
61665,medium
47484,high
73170,medium
122644,medium
142335,medium
33037,low
130844,medium
44694,medium
62101,high
150679,medium
42295,high
10587,high
31829,medium
107201,medium
137374,medium
85368,medium
159289,low
65670,low
81136,low
87318,low
957,medium
59234,medium
146852,high
155603,medium
52367,medium
31711,medium
26077,high
60680,medium
89160,medium
139958,medium
71191,medium
64529,medium
26015,medium
9145,high
138324,medium
104945,low
147601,medium
71178,medium
140490,medium
91185,low
150982,low
149929,low
31096,high
15657,medium
138237,high
10088,high
151139,low
6573,medium
128212,low
133212,medium
20554,medium
138433,medium
88883,high
129362,low
152263,medium
105763,high
92325,medium
38786,medium
39238,medium
151238,medium
95287,low
39109,medium
115999,low
26415,low
72473,low
73397,high
150675,high
72203,medium
12514,low
140031,high
144500,high
82620,low
86170,high
62789,medium
39819,medium
6237,low
122419,medium
16175,medium
10733,medium
49609,medium
127495,low
44245,low
44295,low
39723,medium
40022,high
84795,low
137103,low
6177,high
86909,high
69674,high
20997,medium
4108,medium
9065,low
33215,low
142780,high
109768,low
20338,low
15601,low
35317,low
81846,low
121613,medium
14031,low
111748,medium
17696,medium
1714,low
1437,medium
54052,low
14597,low
18089,low
89260,medium
112709,medium
89162,medium
108800,medium
131399,medium
12577,low
150106,medium
43391,medium
65673,medium
108693,high
38608,medium
88456,high
130418,high
132228,high
85789,high
98775,medium
66496,medium
2626,medium
135083,medium
152187,medium
21929,medium
146517,high
137492,high
29685,medium
96414,low
104629,low
88722,medium
42867,high
54152,medium
96506,medium
76522,medium
126243,high
128981,low
56440,low
110362,low
144202,medium
1204,low
122940,low
56119,medium
59653,low
138790,low
54861,low
102080,medium
93841,medium
71239,medium
137713,medium
26951,medium
9724,medium
44351,medium
121134,medium
112937,low
70813,medium
50142,medium
1532,low
153708,medium
59857,high
50018,high
130182,low
40421,high
42200,medium
98998,medium
42831,medium
82378,medium
97487,medium
42971,medium
60984,low
127138,medium
59539,low
12774,low
124886,high
74701,medium
41594,high
25357,low
65157,low
34368,medium
61270,medium
78165,medium
136363,medium
116911,high
44885,high
19212,low
152177,medium
66169,medium
19688,low
128331,high
142033,medium
4345,medium
100663,medium
51151,medium
14318,low
20376,high
63915,medium
147609,low
29879,medium
142189,medium
49748,medium
67882,medium
77398,low
89378,medium
139518,medium
83872,low
148328,medium
90560,low
21478,medium
3519,low
27350,medium
155554,high
4788,medium
72528,medium
137288,medium
85004,medium
27433,medium
60397,medium
121537,medium
99019,high
146863,high
90933,low
101773,medium
4121,medium
44552,medium
42472,medium
63842,medium
112575,medium
119524,medium
160049,medium
100713,high
111464,medium
152239,medium
75995,medium
44937,medium
117921,medium
13783,high
88743,medium
136940,medium
50649,high
75373,high
65001,low
106087,medium
10115,high
21032,medium
89939,medium
158359,high
81529,low
4487,medium
49861,high
116508,medium
139031,high
65209,high
143310,high
130669,medium
78192,high
83243,low
104880,high
103949,medium
101278,high
107735,medium
20653,medium
150647,medium
44446,medium
75414,medium
134701,low
136557,low
17300,medium
8301,medium
26236,low
8012,high
90035,medium
116635,high
45975,medium
70114,medium
109031,medium
106291,medium
13786,low
69715,medium
1697,medium
60974,medium
89238,low
24743,medium
90928,medium
63798,high
145832,high
67425,low
120371,low
38875,high
56682,medium
148510,medium
65968,low
67649,medium
60807,medium
153971,medium
8761,high
16135,medium
86736,low
1878,high
13697,medium
68596,medium
112612,medium
14259,low
133715,medium
11809,medium
11707,medium
65432,low
122285,high
94654,medium
87995,medium
23892,medium
141917,medium
109275,medium
154130,medium
70108,medium
89826,medium
17782,medium
31304,medium
159320,high
29095,medium
127841,medium
7320,medium
127877,medium
6451,medium
56063,medium
82526,low
86199,low
160238,low
82478,medium
2722,medium
121176,medium
94130,medium
127455,medium
152999,medium
56720,medium
40740,high
24417,low
55209,medium
55579,high
130364,low
32685,high
125416,high
15814,high
29159,low
147809,medium
128300,medium
41523,medium
3391,medium
113367,medium
69764,medium
1486,low
19855,high
156760,medium
18625,medium
18886,medium
157869,medium
82635,high
14527,medium
158024,medium
69275,low
30497,low
128276,high
1780,medium
93029,high
24829,high
69242,low
81806,high
97718,low
73281,high
59306,medium
127782,low
123501,high
41643,high
148573,low
130171,medium
81868,medium
123772,medium
116349,high
61731,medium
121469,medium
25200,medium
1390,low
31346,medium
61944,medium
75192,high
123530,medium
47707,low
24226,high
46912,medium
11461,medium
82897,low
105909,medium
134812,medium
94295,medium
36302,medium
93580,medium
153362,medium
131408,medium
82312,low
58793,low
125145,low
151630,high
94486,low
128869,low
11389,medium
34700,medium
11690,high
143480,low
46483,medium
63356,low
40848,medium
78808,medium
32612,medium
29652,medium
58662,medium
130490,medium
110917,medium
72358,low
59913,low
74338,medium
56594,low
75043,medium
69106,high
134166,medium
101860,low
32052,medium
57554,medium
106864,medium
20373,low
139545,medium
106921,medium
5828,high
147463,low
118032,high
87103,medium
28327,high
72148,low
58421,high
119424,medium
32335,medium
145242,high
152322,low
84477,low
10389,medium
89999,low
138231,medium
154420,medium
21640,low
145737,medium
127383,high
74810,low
10407,low
19279,high
3659,medium
112297,high
50313,high
73060,low
141,high
104119,low
10189,medium
149276,low
49850,medium
138297,high
56075,medium
51946,low
14957,low
10507,low
11378,medium
30410,medium
64486,low
11196,medium
133470,medium
112914,medium
95983,high
17807,low
68010,medium
5600,medium
88043,medium
55471,medium
21912,high
46488,high
117758,medium
17268,medium
143336,medium
126149,medium
68513,medium
4070,medium
51920,low
25294,high
71820,medium
8338,medium
114462,high
78611,medium
92047,medium
79175,medium
86631,low
47978,medium
58322,low
104288,low
85327,high
113628,medium
107437,high
57262,medium
154454,high
88818,high
79056,medium
49823,low
92832,high
67822,high
82202,medium
136610,high
155611,medium
2907,low
73528,medium
77963,medium
48480,medium
26001,medium
28520,low
73290,medium
55963,medium
160668,medium
155610,medium
52058,medium
76436,high
115491,high
95737,medium
147301,high
135419,medium
20695,medium
75226,high
16100,medium
34911,medium
69220,medium
109777,medium
114968,medium
6136,medium
60922,high
91313,low
48877,medium
57140,high
47264,medium
65982,low
67470,medium
70844,low
113189,medium
143126,high
46258,low
43767,medium
74484,medium
54887,medium
48449,medium
3157,medium
14875,medium
119646,high
21348,low
80012,medium
12725,low
87784,medium
19883,medium
146235,high
133126,high
37917,medium
55824,medium
79193,low
20984,low
49105,low
49053,medium
142840,medium
6624,medium
5119,medium
9986,low
27915,medium
151614,medium
142682,high
157101,medium
25117,low
4978,low
16377,medium
26944,low
52918,medium
53523,high
73292,low
16884,medium
95875,medium
49623,medium
139778,medium
76048,medium
22517,high
44916,low
74243,medium
22331,medium
137119,low
113378,medium
128257,medium
3734,low
99129,medium
69933,high
8218,low
111151,medium
120182,high
122895,medium
116901,medium
72235,medium
86854,high
21958,low
78796,low
142416,medium
71433,medium
73094,medium
87336,high
20209,medium
105669,medium
130884,medium
17353,high
28594,medium
113191,high
74094,medium
87991,medium
106516,medium
73493,high
50210,high
159607,medium
8598,low
63866,medium
94212,medium
72127,medium
134805,medium
135277,low
34652,medium
108548,medium
128855,high
83176,medium
118679,medium
6216,low
142000,high
84392,medium
38678,high
115410,high
34024,medium
104164,medium
57397,low
41331,low
116899,high
158113,medium
94534,low
113940,medium
43521,medium
135163,high
85442,medium
112969,medium
103447,low
60469,medium
6182,medium
106169,medium
144087,low
119808,medium
108006,medium
69090,high
128907,medium
132936,low
156026,medium
37353,medium
103590,medium
32011,medium
129173,high
86363,low
50526,medium
127871,medium
126780,medium
50919,medium
8169,high
657,medium
55903,medium
158232,low
25881,medium
136741,low
132110,medium
62650,medium
39160,medium
118189,low
35272,high
74895,high
11878,medium
9808,high
73245,low
115945,high
121317,medium
136885,low
141663,low
84662,medium
76518,medium
111852,high
60643,low
44508,medium
61274,high
151964,low
50820,low
14150,high
17219,low
66805,low
4606,low
33883,low
12265,low
12443,medium
21407,low
131193,medium
62686,high
146195,low
40491,medium
136123,medium
145,low
71802,high
141221,medium
1796,medium
142151,medium
824,high
158268,medium
55461,medium
62575,medium
105799,medium
8831,high
25335,high
60808,high
94863,medium
57121,medium
28700,high
113690,high
135567,high
47207,medium
112478,medium
96137,high
26072,medium
151599,medium
6002,medium
46003,medium
120684,medium
82520,high
24291,medium
59114,high
27822,high
102036,high
96756,medium
155301,low
150927,medium
114015,medium
159500,medium
87032,low
26424,low
152561,medium
46592,medium
140882,medium
91049,medium
13947,medium
30364,medium
142616,low
93275,medium
23921,low
54644,medium
132677,medium
20303,low
57434,high
114727,medium
104707,medium
137097,low
49192,medium
62151,medium
17651,low
20961,low
111020,medium
80084,low
52305,medium
63566,low
113673,high
7340,low
125376,medium
22367,high
60134,high
143768,medium
28181,low
31424,medium
41591,high
136936,high
123020,high
47500,medium
75098,medium
147367,low
115091,medium
35371,low
8853,medium
121906,medium
99925,medium
125901,high
57898,medium
153550,medium
130487,medium
104025,medium
145240,medium
125438,medium
82295,low
136583,medium
159436,low
116260,low
137318,medium
144199,medium
55698,medium
98520,high
90995,medium
2786,medium
72481,low
990,high
43303,high
55807,low
58874,low
78805,low
117976,low
92683,high
65412,low
155498,low
157042,medium
78755,medium
34264,medium
32101,medium
160326,high
30108,low
130446,medium
116804,medium
52688,low
152648,low
123993,medium
57893,medium
121429,medium
72441,medium
41366,medium
9559,high
97871,high
67215,medium
147825,medium
120765,low
36793,high
21834,medium
77380,high
13269,medium
11490,medium
133581,medium
74190,medium
6417,high
26320,high
137850,medium
152727,low
68867,low
29890,high
124563,high
9260,high
55162,medium
89569,high
65843,medium
141638,medium
71923,low
3822,high
36028,medium
10783,medium
12790,medium
112254,low
123537,low
15462,medium
87036,medium
114839,low
6775,low
122348,high
114314,high
85688,low
117771,medium
107635,medium
125106,medium
9666,low
43580,low
24508,medium
16027,medium
92532,medium
118942,medium
138169,medium
159151,high
93903,medium
117305,high
42529,high
95769,high
147117,low
50205,high
40190,high
149138,medium
149796,medium
15986,low
85204,medium
93874,low
100455,medium
80463,medium
106607,medium
90986,high
24844,medium
41192,low
63023,medium
20969,medium
90958,medium
74044,medium
24592,low
117132,medium
10405,medium
77499,medium
91424,medium
29976,low
143660,medium
319,medium
105154,medium
137452,low
49573,medium
51908,low
81974,medium
138740,medium
51041,low
3373,low
38413,high
74564,medium
21631,medium
96998,low
83842,medium
118907,high
60765,medium
109447,high
78158,high
132180,medium
132094,high
23783,medium
122843,high
50400,medium
63654,high
126997,low
14735,high
156898,medium
123487,high
146523,medium
82426,medium
138267,medium
124432,medium
143391,high
151022,medium
148685,medium
38178,medium
3196,medium
96118,medium
11536,medium
125903,low
76467,medium
44066,medium
140682,medium
50175,medium
68877,low
35664,medium
75776,high
118544,medium
150322,medium
106804,medium
65845,medium
154529,low
49478,medium
120763,medium
28220,medium
91009,medium
4372,low
9621,low
58532,medium
122420,low
112492,medium
22470,medium
17112,high
89900,medium
86880,high
21517,medium
68265,medium
60331,medium
111736,medium
36118,high
58978,medium
10016,high
117853,medium
93861,medium
30176,medium
148947,low
71425,high
135817,medium
5408,low
131229,medium
4857,low
58783,medium
155261,high
18732,medium
104188,high
66482,low
125392,low
49504,high
150115,medium
124923,low
2285,medium
88952,medium
32171,medium
77594,low
19831,low
80619,medium
137457,medium
107260,medium
52310,medium
104580,high
10908,medium
26232,high
39841,high
116537,low
14077,high
51452,medium
134859,low
68299,low
40102,medium
58423,high
103369,medium
17179,medium
112985,high
17872,medium
124630,low
83132,medium
112804,high
158756,medium
117240,medium
75624,medium
63403,medium
58080,high
15194,medium
151362,medium
127832,medium
97421,medium
29914,medium
142637,low
124642,medium
143872,low
60925,medium
101432,medium
114545,medium
160280,medium
56509,low
121633,medium
95986,medium
38324,medium
72926,medium
54292,medium
135789,medium
132508,high
7147,medium
141317,low
12944,low
44170,medium
140153,low
9929,high
31597,high
60935,high
136571,medium
132606,high
3342,medium
73890,low
39287,medium
159820,low
152502,low
154816,low
91529,medium
1002,medium
25749,medium
157767,high
134528,low
136298,low
98149,low
121627,high
131610,low
41631,medium
32796,medium
51393,medium
104191,high
135515,low
140557,medium
27765,medium
60201,low
144888,medium
12529,low
2195,medium
76284,low
50900,medium
64924,high
160202,medium
86926,low
62908,low
111173,medium
117871,high
34472,high
119777,high
2284,low
4691,high
107247,low
76183,medium
116893,medium
31625,medium
32141,medium
54633,medium
77123,low
132642,high
128870,medium
33976,medium
48109,medium
104159,low
153178,medium
41863,medium
125136,medium
36052,medium
51095,high
44710,high
19495,medium
147890,medium
58020,high
30588,medium
130600,medium
49693,high
148011,medium
53809,medium
111667,medium
114923,medium
157539,medium
145563,high
80199,medium
5941,medium
159521,medium
1262,high
9824,medium
35112,medium
98400,medium
128660,high
77823,high
106754,medium
40806,medium
65415,medium
29661,high
93300,medium
42476,high
111584,low
52775,medium
39290,medium
58258,low
53807,medium
138087,high
60972,high
115002,medium
86378,medium
70633,medium
150467,medium
146166,high
145071,medium
151165,low
107751,high
44711,medium
81999,medium
27880,medium
122698,high
26976,medium
90381,low
21386,medium
58606,medium
89897,medium
105244,medium
120802,medium
32426,low
122748,low
135684,medium
144216,medium
141365,medium
63763,low
51162,high
94061,medium
8550,low
146091,medium
157981,high
107083,high
26202,high
3553,high
140782,medium
127708,low
54592,medium
89221,medium
47425,low
152903,low
15518,low
104162,medium
156579,medium
12243,medium
33212,medium
158633,medium
71711,medium
75179,low
74655,high
93125,high
158139,medium
94751,medium
82124,medium
25045,medium
136148,low
105757,medium
92396,medium
43283,low
129132,high
9049,low
116229,high
12485,medium
18485,low
119779,medium
138685,low
75948,high
2930,medium
61021,medium
153684,high
57636,medium
143376,high
147443,medium
23130,high
135917,medium
136791,medium
132979,medium
33885,medium
116955,medium
5635,high
118432,medium
91929,medium
36790,medium
37392,medium
114065,medium
82748,medium
154031,low
32374,medium
25123,medium
154033,medium
134078,low
148337,medium
28864,low
69982,low
61026,medium
148153,medium
154009,medium
130905,medium
110157,medium
148585,medium
100743,medium
32858,medium
63025,medium
126162,medium
117970,medium
151597,medium
54604,medium
75396,high
112064,high
38569,medium
110898,high
60743,medium
110689,low
17143,medium
88816,medium
142698,medium
122961,medium
60192,medium
109752,medium
114976,medium
73865,medium
11833,high
4491,medium
117359,medium
128856,high
79720,low
52128,high
63666,high
66061,high
135872,low
126381,medium
107358,high
86860,medium
98016,medium
94083,medium
5338,low
1402,low
77865,low
19272,medium
29556,low
103618,low
79682,medium
25785,high
157585,medium
60041,low
114436,medium
108575,medium
63072,low
119762,medium
90572,medium
31668,high
85170,medium
102540,low
106016,medium
112900,low
124338,medium
116822,medium
109328,medium
32082,high
101711,high
133836,high
34689,high
105920,medium
156677,medium
25326,high
92770,medium
60181,high
72204,medium
79991,medium
134077,low
55287,medium
125358,medium
59214,low
46879,low
28624,medium
33477,medium
76097,medium
16530,high
141155,medium
86461,medium
36477,medium
116445,high
29052,low
112912,low
39436,medium
49106,medium
66006,low
93216,high
22141,medium
17554,high
34180,medium
110448,medium
74491,medium
112817,low
158225,low
108476,medium
129953,low
8724,low
72051,low
94743,high
23816,low
84491,low
27275,low
116060,low
131411,low
124739,low
117441,high
140025,medium
153142,high
24819,low
835,medium
123571,low
89914,medium
41542,medium
145804,low
22062,medium
63138,medium
132790,low
157875,high
142010,high
128615,medium
47034,medium
153515,low
46948,medium
122191,medium
26420,high
83412,medium
109000,high
39877,high
100121,high
118943,high
57819,low
123287,high
117034,medium
71042,low
66059,medium
130606,medium
25137,low
68424,low
41698,medium
108216,medium
42652,high
158889,medium
32951,low
9157,medium
29283,medium
19734,low
148001,medium
147127,medium
71656,medium
17923,high
144449,medium
152596,low
45252,medium
36427,high
51292,medium
121008,high
83692,high
160141,medium
118469,low
38479,high
117443,medium
75280,high
22738,high
69075,medium
109797,low
100137,high
144340,high
157131,medium
9117,medium
94307,medium
156822,medium
10427,medium
27322,high
126321,high
102514,medium
97530,high
58131,medium
137045,medium
155593,medium
19966,low
42181,medium
86886,medium
46152,high
149141,high
82948,low
23155,medium
32458,low
120409,medium
108020,medium
55301,medium
76383,medium
140118,medium
72965,medium
133775,medium
1448,medium
80874,medium
113043,medium
17719,medium
70715,medium
158841,high
71264,low
77207,medium
16121,medium
134496,medium
6035,high
1396,medium
90821,low
114808,high
23500,high
140004,low
149584,medium
53239,high
141216,low
33511,medium
43972,high
107183,medium
512,high
20431,medium
48364,low
50791,medium
63082,medium
137623,medium
79600,low
1270,low
58694,medium
91902,low
135371,medium
146899,low
44778,high
8461,medium
132085,medium
89902,medium
71399,low
69856,low
4553,medium
50030,medium
96454,medium
143611,medium
37615,low
44231,low
156381,medium
2334,medium
114873,medium
41057,medium
145110,medium
87866,medium
116693,low
19183,high
8897,medium
103385,medium
83847,low
40422,medium
118814,medium
669,low
84792,medium
43846,medium
146461,low
75723,medium
26308,high
27598,medium
82139,medium
103002,low
60445,medium
75524,high
77104,medium
650,high
109569,medium
14482,medium
134420,medium
52179,low
56562,low
5687,low
83183,medium
89453,high
134939,high
109706,medium
24377,medium
107653,medium
30768,high
160028,low
149201,medium
13686,medium
19538,medium
10744,low
159259,medium
52496,medium
46555,high
97123,medium
37398,low
126080,medium
88477,medium
130947,medium
78819,high
93952,medium
103851,high
49234,medium
65943,low
82096,medium
96409,low
46870,low
79035,low
103483,low
146674,medium
1323,low
56456,low
151929,medium
66891,low
129570,high
86731,medium
134907,high
37153,medium
91808,high
113178,high
80692,high
102487,medium
133154,low
129440,medium
73031,low
159315,medium
14099,low
13443,low
59726,medium
105607,high
107934,medium
122292,medium
104836,high
21873,medium
7960,medium
19867,medium
83595,medium
89213,medium
54520,high
73495,low
61456,low
134444,high
96117,medium
115255,low
153148,medium
94618,medium
28246,medium
96187,medium
53060,low
148660,medium
47724,low
53678,medium
52163,low
39195,high
27475,medium
102715,low
107006,medium
90089,high
12041,low
126241,medium
8358,medium
111304,medium
26930,high
123358,high
5229,medium
33921,low
81787,medium
88195,high
41439,high
60551,low
146520,low
4015,medium
102133,medium
127182,medium
33622,medium
136456,high
103729,medium
76094,low
40562,high
143011,low
3316,medium
136719,medium
64052,medium
51909,medium
21384,high
60377,medium
145658,high
70816,high
113002,medium
54122,medium
13958,medium
102803,medium
95972,medium
50701,high
7325,low
42937,medium
47041,high
74208,high
145559,low
77845,medium
89785,low
32225,high
123450,medium
3559,medium
32229,medium
801,medium
41612,medium
72898,medium
29511,medium
160651,medium
118604,low
35817,medium
17775,medium
102842,high
58745,high
3864,low
3569,high
20824,high
65540,medium
113465,medium
74082,medium
81254,high
79202,medium
41731,medium
28119,medium
127925,medium
139165,medium
13978,low
16750,medium
4912,medium
78415,low
123166,high
123641,medium
145674,high
54645,medium
73262,medium
154246,high
2426,medium
21603,medium
153058,medium
67949,high
17771,medium
47048,medium
118599,medium
2497,medium
90279,medium
6123,medium
89267,high
76957,medium
38351,medium
98913,medium
144016,high
109404,medium
102818,high
55599,medium
149330,low
154184,medium
97701,medium
61827,low
23597,high
96650,medium
124864,medium
134590,medium
54591,high
10322,medium
154144,medium
37604,high
15906,high
149033,high
154473,high
135243,medium
15576,medium
148538,medium
96975,medium
156357,high
82344,medium
97392,medium
159557,medium
32859,low
29990,high
93827,medium
133523,high
84546,medium
105540,medium
7296,medium
109950,medium
95903,high
12459,medium
19573,medium
26625,medium
94509,medium
10745,medium
30697,high
155136,medium
144565,medium
59091,medium
119833,medium
114522,medium
110463,medium
48860,medium
90626,low
73389,low
109892,medium
11752,medium
127500,medium
59650,medium
96567,medium
117169,medium
95704,medium
120677,medium
79330,medium
110123,low
7485,high
67068,medium
126831,medium
45586,medium
155086,medium
13222,high
23981,medium
103061,medium
34747,medium
64691,medium
120187,medium
77002,medium
149717,high
128485,low
4552,high
60493,high
139637,low
68804,medium
126111,medium
83953,high
9615,low
48027,medium
50064,high
29981,medium
75254,medium
101959,medium
122693,medium
116813,low
123511,medium
68842,high
128404,low
85335,medium
88989,high
79348,medium
74507,medium
5105,medium
70998,medium
116857,low
142281,low
18331,medium
80373,medium
20819,medium
71570,low
159867,medium
59275,high
159155,high
7210,high
121781,medium
32375,medium
141246,medium
31815,medium
19184,low
75443,medium
100814,low
145919,high
53178,high
84037,medium
42155,medium
141692,medium
111054,medium
96807,medium
155351,medium
79997,low
19389,medium
8535,low
98291,medium
95369,medium
123617,medium
23779,medium
63266,low
47831,low
158671,medium
7955,low
140519,medium
94017,medium
9435,low
54978,low
33425,medium
143145,medium
104651,medium
111837,medium
48435,low
141588,low
65038,medium
89344,medium
81549,medium
155366,low
46634,low
122406,low
32379,medium
35869,high
160385,medium
24542,high
54435,medium
54724,medium
145326,medium
66589,high
37617,low
40563,medium
129650,medium
123041,medium
20897,high
70774,medium
111845,low
29683,high
18077,low
97023,medium
24440,low
111347,medium
87568,low
123714,medium
27926,low
13462,medium
91320,low
138082,medium
36628,high
41406,high
154905,low
16543,high
147208,medium
76393,medium
35034,medium
56364,medium
65334,medium
103572,high
124264,medium
157960,medium
69330,medium
28068,low
140096,medium
10591,medium
3247,medium
117453,medium
136272,medium
142711,medium
16220,medium
54068,medium
85001,medium
124154,high
47874,low
25944,medium
38450,low
114838,low
52690,medium
86286,medium
94857,high
123342,medium
78095,medium
155766,medium
101098,medium
107856,medium
95669,high
113147,medium
142624,medium
159214,medium
140145,medium
122442,high
60965,low
6534,medium
147046,medium
84784,low
82602,high
34039,medium
40749,low
128646,low
18844,high
2978,high
73597,high
95169,medium
76379,medium
69851,medium
129669,medium
109900,low
43773,medium
140219,medium
53898,medium
67664,low
61763,medium
19923,medium
25111,high
65251,medium
90152,medium
31296,medium
9037,low
73980,medium
136513,high
120934,high
112364,medium
37992,medium
151114,high
75059,low
50519,low
26197,medium
7131,medium
15930,medium
83813,medium
80036,medium
25388,medium
129510,medium
13942,low
158677,low
44236,medium
67883,medium
114354,medium
153322,medium
81880,medium
22201,low
39135,low
49220,high
74747,medium
136981,high
135315,high
124793,medium
10080,medium
58461,high
147310,high
145296,high
92362,high
38549,medium
84127,medium
78185,high
68196,high
122003,medium
8260,medium
23669,medium
117323,medium
131756,high
29691,low
48215,low
159998,medium
58968,medium
123169,medium
76226,medium
18450,low
130206,medium
4191,low
23164,medium
70536,high
127638,low
144672,medium
147461,medium
155812,low
22172,low
76466,medium
1562,medium
149918,medium
121139,low
56818,high
74953,medium
55499,medium
143686,medium
98519,medium
85951,high
139173,high
54482,medium
96257,medium
29273,medium
28395,high
9334,medium
60934,high
104627,high
69711,high
119398,medium
156451,high
118419,medium
42968,high
78674,low
18702,medium
8637,high
134428,medium
57205,high
78539,medium
118407,medium
146286,medium
160695,low
25186,medium
148095,low
66468,medium
67028,low
97396,medium
2061,medium
151210,medium
141375,medium
77423,medium
116492,low
18097,medium
94463,medium
23021,medium
122856,high
112467,medium
134401,medium
123447,medium
123532,low
117014,medium
90981,high
156440,low
139349,low
61798,low
29238,high
133638,medium
88475,high
118704,medium
49073,medium
89807,medium
140915,medium
40015,medium
106714,medium
13293,low
101339,medium
122005,medium
143035,medium
142834,low
27923,medium
69917,medium
32250,medium
131746,medium
88507,high
25302,high
82457,medium
103877,medium
154600,high
26792,high
92215,low
137995,low
10428,medium
57162,medium
47689,medium
31353,high
50918,low
18985,medium
43769,medium
160739,medium
75472,medium
18176,high
54398,medium
25028,high
1162,low
112652,medium
83318,medium
39382,medium
148204,medium
142114,medium
120332,high
61264,high
25099,low
99398,high
33661,medium
22244,medium
137799,medium
17304,high
68609,medium
34190,medium
102640,medium
143689,high
70598,medium
934,low
142509,medium
91874,low
152136,medium
101018,high
126096,medium
89081,low
148146,medium
118974,medium
43412,medium
56582,high
16624,medium
57020,low
83098,medium
42367,medium
6539,medium
18934,medium
30421,medium
65957,medium
158158,high
28593,high
93603,low
151643,medium
68011,medium
119022,low
18090,high
41936,high
8628,high
126479,medium
31595,medium
40032,high
42409,medium
122855,low
130101,medium
45908,medium
91652,medium
104942,low
102942,low
60419,medium
101722,medium
76487,low
56780,high
63991,medium
135792,medium
7835,medium
140208,high
105128,medium
17024,medium
9437,low
145111,medium
13289,low
80927,low
43639,medium
38562,low
85000,low
13089,low
70213,low
101768,medium
84700,medium
44840,high
22526,high
154612,medium
106470,low
64841,medium
80635,medium
104330,medium
63895,high
9786,medium
71057,high
140749,low
64116,high
93844,medium
102087,medium
50785,medium
106775,medium
15159,medium
118137,high
115739,high
142975,medium
51642,low
58451,medium
113064,medium
63247,medium
125426,medium
75114,low
19924,low
101919,medium
7568,medium
24812,low
107626,medium
138474,medium
70134,medium
24888,high
93122,low
117682,medium
100298,medium
49496,medium
75543,low
137019,medium
110486,medium
57867,medium
71870,medium
88072,high
108941,high
2199,high
134985,medium
84418,low
7800,medium
49055,medium
31655,medium
10708,low
126235,low
62646,medium
136554,medium
156964,high
81823,medium
101802,high
74651,high
152042,high
7392,medium
28642,medium
79565,medium
133216,high
78200,medium
133407,high
91408,low
52931,medium
138792,medium
53120,medium
84118,high
28221,medium
146563,medium
102926,medium
44904,medium
158112,medium
94968,high
103431,medium
63772,high
134550,medium
629,medium
34263,low
59803,medium
20305,high
155682,medium
135404,medium
108662,medium
111423,medium
67618,medium
70685,medium
112938,medium
13451,high
160809,medium
141315,high
9714,medium
102134,medium
103030,medium
67700,medium
126612,medium
1167,medium
79596,medium
73311,low
107062,medium
141364,medium
121916,high
110344,medium
28877,high
155158,medium
116858,high
13038,low
68961,low
141587,high
34810,high
55814,high
30640,high
100384,medium
54910,low
43733,high
79150,high
131482,low
125360,medium
66490,high
15810,low
76879,high
136626,high
8018,high
104757,medium
151878,high
133350,medium
153572,low
29592,medium
33692,medium
96785,low
70531,high
160623,high
158231,medium
139776,medium
111831,medium
20966,high
18834,low
149454,medium
6715,low
64699,low
84453,medium
150671,low
10132,low
22721,low
70068,medium
94780,medium
137465,high
85199,medium
32016,medium
143899,high
54901,medium
155826,high
46776,medium
77044,high
99004,low
23827,medium
132375,low
18740,high
73860,high
152590,medium
37084,low
120590,medium
136158,medium
60341,medium
158120,medium
36610,high
46288,medium
145226,medium
121487,high
157876,medium
12703,low
136309,high
51878,high
75794,high
153039,high
86578,low
94718,high
111632,medium
86781,medium
146992,medium
65900,medium
85463,low
137283,high
149018,high
33959,high
16404,medium
85028,medium
34181,medium
13680,medium
119785,low
12405,low
130839,medium
92049,medium
90610,medium
14601,medium
11824,low
52264,medium
76377,low
27021,low
133302,medium
53541,low
93014,high
18362,medium
7216,medium
93720,high
132986,low
21596,medium
123018,medium
135146,medium
12208,medium
77472,medium
68230,low
140201,high
120231,high
125212,high
71326,medium
61316,medium
115344,low
68460,medium
31698,high
58907,medium
35763,high
144563,medium
3061,medium
115986,high
46415,medium
47172,high
97060,low
158178,medium
137666,medium
122049,high
96797,medium
78670,medium
4127,high
97361,low
125348,medium
25787,medium
145933,medium
120090,medium
22882,low
122934,low
85528,medium
69693,medium
99842,low
107639,low
153530,high
38387,medium
62835,low
25136,medium
131350,medium
116559,medium
37410,low
159975,medium
25938,low
106025,medium
118972,medium
107496,low
13939,medium
115254,low
76311,medium
116511,low
56117,high
1614,low
155865,medium
16459,low
79714,medium
59858,low
59182,medium
65507,medium
99751,medium
43340,medium
101257,high
1557,high
124566,high
47310,low
129071,medium
65759,medium
89630,low
21891,medium
128238,medium
114914,low
27331,medium
62883,medium
102968,low
151562,high
145004,medium
89881,medium
151620,low
48928,low
32043,medium
91157,medium
417,high
91570,high
16009,low
149550,low
37461,high
23326,medium
45245,low
119957,medium
74581,low
133778,medium
674,high
24094,medium
97054,medium
89007,high
18218,low
75028,high
76701,medium
127004,medium
137981,high
160207,low
3630,medium
138228,high
48905,high
144247,medium
146298,medium
63628,low
59331,low
145764,medium
105836,high
24153,medium
155484,medium
97672,low
35744,medium
62595,medium
155855,low
147559,high
31016,medium
102633,medium
105144,high
159793,high
154207,medium
12762,low
42650,low
107074,medium
60859,medium
38642,medium
109966,medium
23654,low
23833,high
23512,low
21107,high
71172,low
88223,medium
85392,high
132802,high
159718,medium
150651,low
122884,low
40775,medium
56415,low
70473,low
131274,low
4681,low
106290,medium
63286,high
14012,medium
96295,high
103374,low
72693,medium
42097,medium
115083,medium
44483,low
72795,medium
52987,medium
64075,low
159224,high
49959,medium
70,low
129755,high
47673,low
143163,medium
33596,low
124947,low
20420,medium
20701,medium
97752,medium
132276,high
11091,medium
124550,medium
90291,medium
43048,medium
7270,medium
32894,low
84569,medium
54156,medium
90668,high
20633,medium
30022,medium
75802,medium
74763,medium
21420,high
149228,high
124452,medium
112035,medium
93138,medium
65919,medium
46741,low
63685,medium
139106,low
17790,low
28370,medium
115645,medium
13875,low
66316,medium
153898,medium
8157,medium
30098,high
49575,medium
59459,medium
135319,medium
136548,medium
121421,medium
65434,high
3002,high
13116,low
145829,medium
150331,high
31662,medium
25676,low
158835,medium
52753,medium
18123,high
133232,medium
62057,medium
106960,medium
9446,high
94643,high
15638,high
47214,medium
94227,medium
160124,low
52780,medium
133373,high
49238,medium
5691,medium
109649,medium
20934,low
81441,low
13448,high
87924,low
123136,medium
5769,medium
32015,medium
74170,medium
88318,high
126011,low
21481,low
7789,medium
91365,low
64831,high
111229,high
121806,low
125362,medium
15785,medium
33773,low
158519,low
6674,high
65138,low
132573,low
69088,medium
116092,medium
154034,low
63914,medium
38234,medium
115252,medium
81631,low
157633,high
151728,low
98930,high
27855,medium
114101,medium
119448,low
136880,medium
78427,medium
43777,medium
42600,medium
3375,high
93081,medium
97818,medium
1991,medium
157571,low
51374,medium
126894,high
84771,low
94640,medium
69518,low
107805,medium
153869,medium
82682,low
35522,high
75061,medium
107404,medium
109261,medium
31969,medium
141743,low
159332,medium
1200,medium
125990,high
39197,medium
100698,medium
39607,low
15280,medium
124503,medium
113760,medium
116001,medium
95723,medium
30653,high
67178,medium
40333,low
68318,high
108595,medium
113441,medium
66314,medium
64956,high
120967,medium
87356,medium
68233,medium
13898,low
18391,high
46878,low
115559,low
37868,medium
82752,medium
108091,medium
46017,medium
138394,medium
10370,medium
149069,medium
76553,low
10808,medium
76529,low
42221,low
17218,medium
123712,medium
32188,low
34662,medium
61480,high
11266,medium
61761,low
151258,medium
73986,high
8302,low
146519,medium
95441,low
103908,medium
84706,high
61661,low
160396,medium
97771,medium
48676,medium
131711,high
18405,medium
103990,low
156994,medium
117138,high
116958,high
23195,medium
47075,high
5834,medium
42684,medium
59606,medium
56951,low
158927,low
142394,low
110715,high
5512,medium
26078,high
2694,high
70972,medium
17123,medium
6233,medium
117402,medium
113384,low
117924,low
107287,medium
155523,medium
45584,medium
48690,medium
132824,low
132527,medium
144601,medium
26082,low
113664,low
60664,low
125880,medium
139400,low
140665,high
22282,medium
30990,medium
15945,low
150658,low
105479,low
63364,high
122867,low
153551,medium
28254,high
25837,medium
140603,medium
10521,high
134762,high
148662,medium
14340,medium
131961,high
147119,medium
122022,low
23545,medium
159554,high
96076,medium
26725,medium
154522,medium
46172,medium
117988,high
51690,medium
157281,medium
18087,medium
25622,medium
90392,medium
53901,low
142881,low
41603,low
8272,medium
50681,high
21022,high
26837,low
139366,medium
104868,medium
123325,medium
109119,medium
25799,low
154876,medium
18162,high
15876,low
29135,medium
7286,high
124626,medium
73652,medium
662,medium
144688,medium
33965,medium
126024,medium
115129,medium
126208,medium
33378,low
62332,medium
141912,medium
9432,low
155239,medium
92705,medium
137044,medium
73192,medium
157562,low
4821,high
157644,high
32689,medium
10723,medium
154486,medium
117017,medium
4784,low
18121,medium
3870,low
101099,low
37292,low
99689,low
58541,high
152166,high
138566,low
4996,medium
51149,medium
31738,low
52847,high
79749,medium
152407,low
113853,low
109955,medium
88907,medium
143895,medium
9090,low
81462,medium
10337,medium
58017,medium
14283,medium
9109,medium
9909,high
114975,medium
144335,high
78649,low
12247,high
106920,medium
64045,high
160418,medium
81923,medium
110860,medium
137440,medium
79057,medium
29004,low
44190,medium
29533,high
134217,low
97364,medium
84757,low
21108,high
66931,medium
12886,medium
21099,high
36645,medium
155240,medium
92024,medium
54689,high
1444,high
8744,medium
32557,medium
74839,low
124215,high
7670,medium
150926,medium
85462,low
15895,high
63980,high
25644,medium
96603,high
143837,medium
160055,medium
17135,low
56692,medium
50913,medium
12254,medium
135318,high
114080,high
102939,medium
95221,medium
65457,medium
160565,medium
3535,low
25789,low
77403,medium
1353,medium
51004,medium
34351,medium
66039,high
56106,medium
34905,medium
61868,low
145272,high
117800,low
19702,medium
140650,medium
82847,medium
30157,low
34839,medium
146935,medium
53991,medium
125,low
146676,low
75792,low
96633,medium
155685,medium
12165,high
99871,medium
96489,low
35630,high
111615,medium
32120,low
76144,medium
140331,medium
44458,medium
13659,medium
135957,medium
46388,medium
147550,medium
30347,low
5395,medium
86866,low
125913,high
55851,medium
139886,medium
107453,high
108150,medium
92171,high
115953,medium
136388,high
87721,low
25817,high
122460,low
115488,high
46678,medium
71516,high
30557,medium
39696,medium
73104,low
114325,medium
128121,high
141528,medium
82244,low
79208,medium
88671,medium
38985,medium
92009,medium
113811,medium
97603,medium
18930,medium
99973,medium
78001,low
84476,medium
107763,medium
129543,medium
104889,medium
10161,medium
92970,high
100362,medium
88934,medium
12472,medium
25579,medium
5242,medium
5088,medium
73858,medium
112610,low
38602,high
153281,high
104706,low
77020,medium
71047,medium
57315,medium
38653,medium
77871,high
53497,high
123027,medium
37273,low
45666,high
148591,low
144944,medium
59665,low
54459,low
19291,medium
143008,high
2046,medium
6934,medium
19162,low
141985,medium
84347,medium
140919,high
56401,high
99952,medium
125787,low
40117,medium
27075,high
42278,medium
122582,medium
35749,low
52048,low
64562,medium
133999,high
114099,medium
40007,low
69028,medium
128623,medium
47605,medium
112875,medium
68612,high
87605,low
125734,medium
40853,medium
52085,medium
121870,low
137234,medium
57492,medium
49957,low
40221,medium
119288,medium
95575,medium
65304,medium
23809,high
6594,medium
64129,high
60485,high
37571,medium
158741,high
148230,medium
126553,medium
141450,medium
11041,high
159063,low
72383,medium
59711,medium
83209,medium
48302,high
73076,medium
99360,low
34275,high
40575,medium
87964,medium
12668,low
25775,medium
5364,low
80051,high
79525,low
141738,medium
67717,high
100170,medium
18463,medium
135415,low
77934,low
136975,medium
52735,high
8575,high
125689,high
56288,medium
73716,low
116463,high
51070,high
104675,high
144164,medium
88666,low
82528,low
102830,low
153981,medium
106182,high
122397,medium
146581,medium
103434,medium
137471,low
69913,medium
131580,medium
47499,medium
89476,medium
103466,medium
98195,high
12330,high
118876,low
101444,medium
72405,medium
104343,medium
64769,high
27135,high
34650,medium
878,medium
143322,low
107294,medium
66178,low
118719,medium
30054,medium
26154,low
93607,low
72440,medium
131439,medium
112359,medium
61897,high
54616,low
109796,medium
125947,low
79435,high
32304,medium
90141,high
17831,low
141381,medium
7407,medium
64223,medium
97410,medium
147221,medium
71393,high
128989,medium
103844,medium
47575,medium
141028,medium
152167,low
117210,high
69942,high
138389,low
159082,low
111393,medium
102710,high
156776,medium
10244,medium
43740,high
138142,medium
19339,medium
115407,medium
31128,high
96943,low
34819,high
98295,medium
97330,medium
158680,medium
131633,low
43160,medium
90088,medium
158639,high
46983,low
86581,medium
22121,medium
159130,medium
142766,low
130815,medium
79606,medium
145279,medium
34868,medium
104768,medium
1297,medium
61365,medium
8161,low
150684,medium
3470,low
41322,medium
30158,medium
43314,low
80872,high
27219,medium
77615,medium
47390,medium
145219,medium
94055,medium
34377,low
153141,medium
38318,high
129483,medium
52346,medium
31178,medium
45818,low
90470,medium
75785,medium
152524,medium
17977,medium
122398,medium
95554,high
31775,high
46093,low
50764,low
148505,low
10271,medium
24243,low
158636,high
133088,high
60461,low
70647,low
102552,high
159090,medium
47267,medium
155914,medium
107297,medium
18509,medium
121035,medium
24612,low
48764,low
2384,medium
57677,high
25474,low
24581,medium
154421,medium
2741,medium
50038,high
68597,high
13368,high
55304,high
54800,low
156286,high
138296,medium
156621,high
882,medium
104436,medium
41403,high
15849,low
59708,medium
66710,high
108433,medium
6392,low
42448,high
90900,medium
64197,high
153128,high
12845,medium
119192,medium
9995,medium
156587,medium
58011,medium
97976,high
47646,medium
93664,medium
111089,high
4267,high
151956,high
51463,high
61145,high
78921,medium
102157,low
23543,low
109677,medium
43051,medium
70040,medium
91213,high
103561,low
18363,medium
113429,medium
41335,medium
49367,medium
25559,medium
62223,low
131184,low
111384,medium
49395,medium
151943,low
157127,medium
9227,medium
120907,medium
123106,low
134142,medium
90443,medium
150625,medium
135445,low
52578,low
144774,low
143361,high
90837,low
122220,medium
114989,high
155632,medium
131472,medium
43380,low
144256,high
116173,medium
51952,medium
5433,medium
59172,low
49226,medium
138726,medium
157961,high
6541,low
111091,medium
8986,high
81912,high
91806,high
148217,medium
110733,low
66884,low
55613,medium
69625,high
65497,medium
134527,medium
129704,medium
65991,low
145093,low
106827,low
146080,medium
61546,medium
30544,low
87599,high
14382,medium
10425,medium
100930,low
27661,low
42138,medium
49672,medium
79704,medium
100247,high
63967,high
117064,medium
95717,low
24637,high
786,low
84554,high
130702,medium
29553,medium
133837,high
13180,medium
147375,low
8222,medium
17238,medium
89759,medium
55410,low
147345,medium
13759,high
146096,medium
156516,high
136718,medium
48498,medium
24327,low
94380,medium
133728,medium
78555,medium
90892,medium
121293,medium
110929,medium
56127,high
71784,medium
131806,medium
138404,medium
3499,low
45758,medium
20426,high
32597,low
113626,medium
87235,high
67148,high
73893,medium
157276,high
33639,medium
42424,medium
25552,low
48909,low
121689,high
82223,medium
56817,medium
98106,low
51673,medium
73108,medium
16387,medium
120837,medium
28101,low
18270,low
37938,high
68484,medium
68810,low
41981,high
17512,medium
31448,medium
90417,medium
85931,medium
11783,medium
93290,low
19697,medium
63300,medium
57113,medium
22812,low
61721,high
10162,medium
133811,medium
94708,medium
39614,high
65478,low
149797,low
115639,high
155493,medium
96235,medium
45183,high
107339,high
51053,high
10497,medium
109010,low
120460,high
159894,medium
108537,medium
67538,medium
82777,medium
203,high
11221,medium
71418,medium
157728,high
106149,low
153998,low
41957,low
62775,medium
34476,medium
118353,low
55383,high
63368,low
96001,low
7399,medium
6571,medium
38476,medium
94777,medium
129695,medium
88228,medium
72716,medium
45311,low
130199,medium
38638,medium
112248,low
50294,medium
157324,low
70111,medium
122212,medium
21622,low
59037,high
43416,high
111324,medium
589,low
96777,medium
31909,high
103506,low
112689,low
138020,medium
151909,low
120122,medium
132106,medium
29248,medium
136970,high
15927,medium
152930,low
71011,high
28242,low
116973,high
54572,medium
72504,low
84793,low
114346,medium
119247,low
41985,medium
44725,medium
88776,medium
139879,low
129719,medium
92315,high
151440,low
130126,medium
57803,medium
98958,medium
110002,medium
62842,low
5464,medium
49162,low
137618,medium
107167,medium
129107,high
93562,medium
28676,medium
154858,medium
133245,medium
40785,medium
141890,medium
64626,low
107565,medium
1184,high
145809,medium
97418,medium
119101,low
120361,low
18315,high
66101,medium
124903,low
139348,medium
119695,medium
1159,low
28046,medium
94809,medium
125246,medium
79868,low
4948,high
82940,low
89723,high
105769,medium
151904,medium
7374,medium
144445,medium
149610,low
120067,medium
85478,low
157385,medium
37995,high
122277,medium
134485,high
67606,low
54485,medium
64053,medium
127466,low
157939,high
116592,medium
50808,high
16262,medium
64299,high
127408,medium
120056,medium
32348,medium
115762,medium
11817,medium
93735,high
116691,medium
66718,low
56338,medium
91817,high
109477,medium
62201,medium
95920,high
47754,medium
84812,low
130641,high
67229,high
11663,medium
142042,medium
16267,medium
101349,medium
9971,medium
131000,medium
148986,medium
125785,medium
23918,medium
148347,medium
7314,medium
54341,low
32017,high
51872,high
58456,medium
49751,low
83233,medium
25657,high
817,medium
160693,low
154907,medium
141074,medium
63849,low
149238,medium
72986,low
87423,medium
66783,medium
142689,high
8261,low
123883,medium
83426,medium
14218,medium
5201,high
10620,low
119241,low
29770,medium
51974,medium
108206,low
114404,high
5585,low
16791,medium
70441,medium
119154,medium
604,medium
117231,high
155178,medium
98413,low
47829,high
98597,high
46762,medium
69557,medium
63565,medium
135675,low
38825,high
77250,low
48351,low
77478,high
151871,medium
158050,low
94902,medium
58587,medium
54227,low
89956,medium
109707,medium
64444,medium
160246,medium
112419,low
131535,high
3654,medium
11724,medium
101004,medium
88922,medium
137177,medium
122263,medium
106145,medium
17565,high
111320,low
62919,medium
155717,low
28187,low
44536,low
18289,high
1375,medium
112730,medium
121683,high
153777,medium
94974,medium
134020,medium
23962,high
81690,medium
99047,medium
4801,low
90319,high
1689,medium
76765,low
41173,medium
97816,high
34818,medium
91819,medium
105390,medium
93597,medium
149672,medium
106794,high
77161,medium
11067,medium
41598,medium
83117,medium
65364,medium
149623,medium
121474,medium
8999,medium
117798,medium
67558,medium
36543,high
155997,medium
57161,high
6080,medium
132185,medium
3956,high
23463,low
59602,medium
137609,high
38078,high
143750,high
78411,medium
72995,low
58392,high
129055,medium
113284,medium
134463,medium
149632,medium
52731,high
52329,low
157594,medium
100895,medium
130897,high
7474,medium
48410,high
118327,medium
102389,medium
111237,medium
143112,medium
79108,medium
70455,high
38794,medium
76075,low
125588,medium
117371,low
52177,medium
63122,medium
137593,medium
37558,low
141589,low
6985,low
143424,medium
26329,medium
70967,medium
43145,high
97221,high
103692,high
136003,low
158897,medium
124413,low
118114,high
46594,medium
81164,medium
37548,low
32404,medium
133270,medium
29347,high
8393,medium
69091,medium
85412,medium
29985,high
51320,medium
66460,medium
118460,medium
115194,low
41619,low
71318,high
108338,medium
70373,medium
45386,medium
16320,medium
130438,medium
125297,low
5151,medium
26036,medium
15777,medium
81984,medium
67529,low
154995,medium
79659,high
114118,medium
47963,medium
960,high
97472,medium
60358,high
24799,medium
155206,medium
69149,medium
58813,low
25077,low
127750,medium
77117,low
159502,low
60658,medium
75205,low
131634,medium
47397,low
5490,high
31226,high
147569,medium
6599,low
150514,medium
34764,medium
150869,low
42399,low
154847,low
38606,medium
23235,medium
138373,high
153758,medium
94393,medium
114789,high
61147,high
84020,medium
106818,medium
138917,medium
57227,low
156563,high
6214,low
129036,low
16313,low
103576,medium
55795,high
100549,medium
32244,medium
24302,medium
135855,low
129449,high
145047,medium
68137,low
11881,medium
152392,medium
31710,low
111502,low
140564,high
38612,low
156216,low
154147,medium
83388,low
48937,medium
47009,low
35943,low
46692,medium
140462,low
144720,medium
6053,medium
152133,medium
22524,high
54276,medium
146378,medium
461,medium
4563,medium
20220,medium
83632,high
85853,medium
52347,medium
65665,low
110934,high
112184,medium
151820,medium
150347,medium
77507,low
134587,high
76012,high
119307,low
13752,low
40983,high
142384,medium
48910,medium
521,low
98563,high
84212,medium
141474,medium
105274,medium
72231,low
15765,high
57994,medium
23315,medium
150683,medium
84248,medium
82387,medium
1455,low
70276,high
141755,medium
11071,low
58799,low
157125,high
106591,medium
75463,medium
41922,medium
19122,medium
25073,medium
130977,medium
16705,low
6956,medium
28384,medium
30600,medium
10281,high
157584,low
115708,high
40451,medium
127799,medium
97104,medium
85761,medium
79820,medium
101377,low
7729,high
105265,low
135301,medium
34965,high
26584,medium
139207,high
143286,medium
10124,medium
14675,medium
122833,medium
149748,high
21307,medium
81301,medium
118278,low
32041,medium
108194,medium
31890,high
50593,low
72873,medium
142498,medium
61978,medium
61414,medium
152320,medium
117518,low
67038,low
44927,medium
38416,medium
29742,low
100915,medium
148374,high
155521,high
30003,medium
83598,low
150806,low
127226,low
101404,medium
65709,medium
152610,medium
81740,medium
93712,medium
32034,low
68680,medium
21429,medium
135324,medium
13703,medium
100902,medium
11386,medium
48924,low
30870,medium
115321,medium
85500,medium
64137,medium
31911,low
60723,low
107173,medium
142068,medium
91216,medium
23256,low
145352,medium
151730,low
120664,low
50082,medium
75209,medium
94143,medium
139869,medium
8636,medium
80999,medium
80522,high
110115,medium
74431,medium
142198,high
39045,medium
100966,medium
79328,medium
70416,medium
27773,low
98932,medium
68297,medium
35787,medium
154417,low
91413,medium
93703,medium
86597,low
49564,low
44519,low
75333,high
33557,medium
156341,medium
100107,low
97008,low
58651,low
147655,medium
55115,medium
139972,high
103068,medium
33573,medium
22906,high
15855,high
86171,high
105149,low
13585,medium
141061,medium
9552,medium
115804,high
57605,low
79843,medium
125543,high
83992,medium
103399,high
68026,low
128071,medium
91680,medium
136114,medium
135918,medium
39082,medium
43680,medium
22707,medium
150778,medium
80818,high
104657,medium
97561,high
66105,medium
142192,low
26860,medium
6086,low
73321,medium
126728,medium
69719,high
49384,medium
127894,medium
138230,high
67960,high
111135,high
15901,medium
62376,low
14164,low
994,medium
36872,low
148886,medium
93350,medium
127360,high
575,medium
158949,high
159620,medium
109755,low
56578,medium
108811,high
35981,medium
159370,medium
130404,medium
40789,high
120014,medium
28741,medium
57165,medium
139534,high
127463,medium
30382,low
78350,medium
117308,low
1603,medium
83058,high
150825,high
68548,medium
121883,low
86455,medium
109894,medium
99593,medium
17586,low
30808,medium
148994,medium
160504,low
28091,medium
113590,medium
43864,low
83174,high
51175,medium
62022,low
40642,medium
98379,high
61370,high
85281,medium
81653,low
93103,medium
39639,high
116670,medium
47116,medium
51351,medium
113129,low
106084,medium
95528,low
41867,low
25138,medium
77269,low
143841,low
36755,medium
125229,low
37086,medium
100172,medium
125430,medium
97621,high
153211,medium
100645,high
53738,medium
33199,high
37235,high
49756,low
125371,medium
124882,medium
146864,low
17480,medium
145516,low
117344,low
88383,low
78084,high
65126,medium
64992,high
115335,medium
134406,medium
151311,medium
101296,high
54207,medium
124377,high
76156,medium
13122,medium
100874,low
3857,high
112744,medium
143106,medium
100638,medium
141192,high
121799,high
21137,high
150333,medium
36024,high
108342,medium
48724,low
66222,medium
142060,medium
71112,medium
159044,low
137274,high
91419,low
146626,medium
132992,medium
24131,high
156336,medium
157035,high
151233,medium
4074,high
88620,low
68402,medium
138262,low
40138,medium
159405,high
23542,medium
134995,low
32079,medium
114483,high
5355,low
157812,high
107484,medium
157671,medium
16023,low
57555,high
153982,medium
23659,low
55809,high
65842,medium
153031,medium
96812,medium
141800,low
156965,medium
125898,low
91153,low
102847,high
25342,high
69067,medium
35665,high
149142,medium
5762,low
21172,low
160362,high
146882,low
96405,medium
142837,medium
146251,medium
112909,medium
112440,medium
8671,low
59522,medium
152698,medium
76270,medium
122344,medium
115876,low
62352,low
58567,low
127663,medium
127907,medium
62552,medium
153835,medium
98028,low
140851,medium
44704,medium
154978,low
151767,high
43577,low
128709,medium
72770,high
139257,low
80356,high
151796,low
56632,low
105738,high
158296,high
11152,low
48100,medium
151133,low
19543,high
131693,medium
104110,medium
151171,medium
51985,medium
89389,low
84719,medium
68493,low
52996,low
156942,medium
23072,high
80504,low
4769,medium
26096,medium
12209,low
29885,medium
143906,medium
134968,high
6193,medium
30732,low
130275,low
61017,low
141116,low
10574,low
9228,medium
10767,medium
89851,high
71731,high
5086,low
354,medium
77244,medium
89033,medium
34872,medium
151607,medium
19999,low
46486,medium
20437,medium
33720,low
98384,low
81523,low
5708,low
135541,low
30275,medium
1090,low
35566,low
119905,high
94744,low
150126,medium
49166,medium
66520,low
81261,high
57641,medium
78574,high
91498,medium
88607,low
63473,medium
131099,medium
86473,medium
8739,high
153222,medium
113565,medium
147838,low
120690,low
131315,medium
16618,low
120270,low
151460,low
17197,medium
5904,low
72482,low
154042,low
125527,high
11227,high
6255,medium
75200,low
79043,low
87007,medium
10821,low
104808,low
48821,low
72260,low
8086,high
84929,medium
100088,high
67389,high
129161,medium
9715,medium
137100,medium
102053,low
15360,low
102241,medium
121657,medium
63436,low
126439,low
111795,medium
141704,low
140076,high
100295,medium
131146,medium
91603,medium
155955,medium
52188,high
55622,medium
20107,medium
47374,low
29065,high
7701,high
72561,low
127793,medium
154914,medium
31971,medium
25439,medium
101390,high
61668,medium
124213,medium
51118,high
87760,high
73399,low
123412,medium
160731,medium
93741,high
1922,high
44924,medium
99110,medium
147313,medium
156447,medium
8315,high
151649,high
42643,medium
107551,medium
36440,medium
83525,low
37774,medium
103943,medium
31053,medium
85280,low
66125,high
52460,low
148156,medium
78775,low
46324,medium
33105,high
118493,low
53441,medium
82991,medium
103461,medium
113982,low
6664,high
97900,medium
26099,high
126178,high
46772,low
158370,low
8080,high
148747,medium
69039,medium
61910,medium
123709,medium
38838,medium
65761,low
89321,high
100042,low
42059,high
98699,medium
8334,medium
67861,medium
5997,low
8546,medium
143705,medium
127394,medium
21673,low
143407,medium
86974,low
82375,medium
122743,high
142144,medium
15902,low
62084,medium
146750,medium
38696,high
154772,medium
160659,low
143813,low
101936,medium
44353,medium
82885,medium
150622,medium
126023,medium
97094,medium
54278,medium
142333,medium
149597,medium
23110,medium
117756,medium
16309,medium
81174,low
47517,high
150530,medium
137682,high
35209,medium
25996,medium
47516,low
152003,medium
160442,low
48466,low
54609,high
80446,high
108550,medium
43732,medium
28020,high
150038,low
118846,medium
64999,medium
89957,medium
105271,high
41696,medium
8025,high
93432,medium
61755,high
63341,high
61554,high
61084,medium
54025,low
46794,medium
76785,medium
4920,low
48406,medium
17697,high
8504,medium
99749,medium
58502,low
78634,low
112733,high
82724,medium
103216,medium
70638,high
49842,medium
107432,low
29222,high
142796,high
69736,low
78731,low
126788,high
66525,medium
146890,medium
123093,low
124811,low
68737,high
99285,low
119645,high
60573,medium
53660,high
159203,medium
60298,medium
25003,low
77777,medium
23823,low
21090,medium
1225,low
134458,high
25880,medium
12714,medium
100780,medium
91749,medium
118402,medium
88257,medium
30114,medium
25608,medium
136431,high
19562,medium
154724,medium
41116,high
5035,medium
7475,high
88968,high
83254,medium
149197,medium
61333,low
116577,medium
121631,low
43832,medium
23287,medium
141725,low
115666,medium
115151,high
55179,low
20399,low
50496,low
140439,medium
119814,medium
82614,medium
145094,medium
63893,low
133882,medium
117292,low
135650,low
53690,high
44136,medium
120178,high
72706,high
16422,high
79802,medium
134729,medium
51931,medium
91815,medium
8693,high
92329,high
19041,low
110921,medium
58490,medium
94926,medium
13378,high
86224,high
119486,high
160000,high
100542,high
5636,low
94210,medium
79926,low
127751,low
96100,low
45180,high
85409,low
125469,medium
58839,low
7547,medium
117374,medium
134051,low
58210,high
114241,high
33697,medium
28216,medium
32502,medium
17292,medium
67006,low
105339,medium
85163,medium
5715,low
108110,low
116406,medium
105841,medium
156165,low
34570,low
49197,medium
136878,medium
72250,medium
156897,low
43607,low
36158,medium
157206,high
53306,medium
147840,medium
15096,medium
107806,medium
97091,medium
63985,low
17465,medium
76173,high
81533,medium
123661,low
2774,high
77601,medium
29180,medium
12555,low
5414,high
58829,medium
32400,high
132915,medium
119560,low
5309,medium
2258,low
149970,high
17859,high
68790,high
129902,high
38244,high
64861,medium
129491,medium
820,high
122913,high
67721,medium
54076,medium
142747,medium
73295,medium
80379,medium
28391,medium
15214,high
83450,low
79547,low
45672,low
137698,medium
144767,medium
88117,medium
87386,medium
128360,medium
65679,high
111725,low
10697,high
72046,medium
128591,medium
131430,medium
133419,medium
62895,medium
90680,low
121589,low
110303,medium
127313,high
121425,medium
54893,low
90352,low
7643,medium
72786,high
154927,high
39136,medium
95876,low
116006,medium
125487,medium
1748,medium
110807,low
150792,medium
70344,medium
98237,low
3564,medium
10752,medium
155134,medium
137186,high
21105,low
122083,medium
11290,medium
104353,low
141653,medium
97882,low
30603,medium
81998,high
97555,medium
145063,high
19921,medium
158880,medium
98523,high
138347,medium
17333,high
63461,medium
51531,medium
55035,medium
19185,high
143444,medium
62502,medium
11245,medium
53895,high
76832,medium
44882,medium
15259,low
2611,high
127955,low
232,medium
71859,low
3041,low
105467,high
68139,high
59613,high
157192,low
14632,low
57612,high
145767,high
713,medium
128965,medium
152416,medium
956,medium
93163,medium
2719,medium
120003,low
151910,medium
160412,low
93541,medium
78148,high
64700,medium
77927,low
17974,medium
80814,medium
118409,medium
101935,low
159126,low
142182,medium
81995,low
157344,medium
2026,medium
28827,high
3804,medium
132419,low
121455,medium
56804,high
69883,medium
112663,low
104397,medium
114827,low
72570,low
85066,low
41194,medium
91057,low
126870,medium
20143,medium
13393,high
137815,medium
80426,medium
47195,medium
63322,low
76891,low
136658,high
19521,medium
25166,high
115434,low
103707,medium
22984,medium
88290,medium
53760,medium
40856,high
121073,low
139224,high
153519,high
7394,medium
25460,medium
22964,high
136406,medium
149545,low
130906,medium
102119,medium
87419,medium
70880,medium
50134,medium
100493,medium
50149,low
15154,medium
30519,high
119885,medium
153296,medium
141868,high
137064,high
12449,low
62659,high
159513,medium
56547,medium
29336,medium
136382,medium
69327,high
157783,medium
41436,high
42548,medium
13132,medium
87658,low
4670,low
32109,low
118741,medium
109634,low
40172,medium
97265,medium
139,high
107852,medium
126099,high
135395,low
134827,high
54608,high
140814,high
73984,low
141264,medium
50658,medium
31519,medium
60042,high
129391,high
72919,high
5386,low
10995,low
107246,high
111924,medium
134329,medium
19165,low
19334,medium
130466,high
32868,medium
114164,low
110530,medium
57487,high
86021,medium
74679,medium
130459,high
56734,medium
83590,medium
143585,medium
20946,medium
57642,low
35554,low
155152,low
9338,high
83175,medium
110416,high
24468,medium
21051,medium
41108,medium
121385,medium
154496,medium
54165,low
48767,high
75959,low
63140,low
152927,low
122837,high
20421,medium
134239,medium
58787,medium
120030,medium
39212,medium
78989,medium
112160,medium
96168,medium
118829,medium
134780,medium
32271,medium
6226,medium
85799,high
37841,low
105989,low
76906,high
31935,high
66347,medium
70271,medium
108494,high
92906,high
122095,medium
59284,medium
147641,high
16927,low
42626,medium
100377,high
151109,low
29016,medium
77501,medium
51427,medium
323,medium
114977,medium
126544,medium
61228,low
108278,medium
21832,low
158144,medium
51100,medium
19267,low
149058,high
14029,medium
26537,medium
160499,low
98548,low
154642,medium
134835,medium
117760,low
56830,medium
153671,medium
93924,high
102096,medium
15136,medium
11307,high
100776,low
1392,medium
82604,medium
47218,high
93057,high
131200,high
58007,high
110453,low
96988,medium
82353,medium
125234,medium
14380,low
147903,low
14776,medium
12817,medium
114984,high
109806,medium
22417,medium
8419,medium
111643,low
103027,medium
20962,medium
96696,medium
61318,high
38233,medium
113058,high
21391,low
145457,medium
107563,low
29503,low
52352,low
33210,high
145688,medium
107237,low
58342,medium
76225,low
27141,medium
138235,medium
97909,high
94513,high
149498,high
152325,medium
146804,low
138800,medium
66135,medium
134047,medium
152795,high
80502,medium
58708,medium
79461,medium
107566,medium
38865,high
38598,medium
68415,low
136355,low
127329,low
157581,medium
29540,medium
50568,low
123381,medium
122662,high
159633,high
78428,medium
127361,low
135296,medium
18003,medium
118232,medium
19742,high
143625,high
73866,low
159132,medium
21292,medium
157821,medium
67825,medium
22940,medium
3895,high
149955,low
39184,medium
10831,low
87645,medium
61243,medium
144034,medium
26659,medium
103404,high
2450,medium
126086,low
75285,low
1621,low
126514,medium
29609,high
155628,low
7480,medium
39777,medium
128237,medium
151754,high
38810,medium
126541,medium
92990,low
142379,low
48945,medium
39321,low
148297,low
84819,low
102986,high
116313,low
22586,medium
142842,medium
116611,low
2963,medium
11400,medium
35793,low
139935,high
134608,medium
154846,medium
84487,low
131241,medium
31567,low
51834,high
84559,low
84683,low
24326,medium
106910,medium
154736,low
49809,medium
45383,medium
79087,low
153075,low
2172,low
138033,low
87311,medium
33395,medium
22655,medium
71014,medium
136596,low
95465,medium
108741,medium
61835,high
74803,medium
115717,medium
135725,medium
153929,low
152399,medium
19355,medium
146963,medium
143714,high
143645,low
100559,low
5959,high
81647,low
16276,medium
28276,medium
117580,medium
140757,medium
65656,low
111700,medium
118797,high
157612,medium
125041,low
114381,low
138749,medium
142142,medium
152899,medium
86693,medium
91906,high
91268,medium
55805,medium
21070,medium
13765,medium
20558,medium
129677,medium
156015,medium
160330,high
54263,medium
113306,medium
135666,medium
143669,medium
66297,medium
36301,high
33330,medium
112307,medium
122091,medium
24582,medium
54191,medium
141433,low
149648,medium
28940,medium
136091,high
54359,medium
88420,low
68683,medium
37598,high
88793,low
159418,medium
126291,low
23920,low
106950,medium
69804,medium
121243,medium
77883,low
1811,high
47765,low
121624,high
116686,high
138377,high
133338,medium
81161,medium
2705,low
81737,medium
63778,high
157271,low
139316,high
29401,medium
82229,low
64038,medium
10140,low
154848,low
54519,low
103365,low
135631,medium
67746,medium
10300,medium
21799,low
94175,low
56806,medium
124000,medium
43665,medium
3489,high
70891,low
117549,medium
13720,medium
30758,high
91038,medium
39660,medium
151124,high
156991,medium
32824,high
119059,medium
99037,medium
67369,medium
15591,medium
49287,low
137751,medium
146509,medium
104993,medium
49732,low
19077,medium
81943,medium
138697,high
130140,medium
13579,low
81971,medium
4621,medium
98210,medium
46522,high
139138,medium
46779,medium
135013,high
96465,medium
29663,low
82913,high
148183,medium
130482,medium
12976,low
133919,high
75953,medium
95816,medium
96523,medium
113336,medium
24498,medium
42948,medium
153359,high
130411,high
85164,low
56337,low
137513,low
15805,low
83942,low
358,high
67200,low
66678,low
2056,medium
58866,low
50391,medium
127100,low
66851,medium
47369,medium
135061,low
13051,medium
108073,medium
141018,high
52870,low
19722,high
108966,medium
22752,medium
123286,medium
121531,high
12642,low
84745,medium
121793,low
4006,low
123348,high
970,low
98748,high
138407,low
34973,medium
114641,low
88929,low
125497,high
105968,medium
96647,medium
26463,medium
39742,medium
64743,medium
28950,high
136563,low
124835,medium
39451,low
81347,medium
67204,low
33704,low
98656,low
35211,medium
53398,medium
126341,high
24516,medium
38249,high
92059,high
131724,medium
72190,medium
136559,medium
93429,low
45832,medium
52885,high
144893,high
54395,high
122819,medium
58166,high
80287,medium
67335,medium
44365,medium
129837,high
131046,medium
65306,medium
146826,high
123867,medium
35619,low
118063,low
81242,high
31449,medium
57739,low
68322,high
35494,medium
7012,medium
125206,medium
107947,medium
111130,low
118058,low
27412,medium
127347,high
76041,high
125090,medium
132526,medium
143123,low
134395,medium
53515,medium
126777,medium
28256,high
4979,high
110005,medium
36183,high
19039,medium
86426,low
140801,high
138741,medium
35686,high
119752,medium
32526,low
124249,low
4643,medium
103238,high
86712,low
99551,medium
2529,low
139855,medium
137676,medium
137012,low
4602,medium
105962,low
139194,medium
67820,medium
62221,high
63564,medium
112543,high
101075,medium
122491,medium
50642,high
157754,medium
129157,medium
74510,medium
94240,medium
48651,medium
51272,medium
125258,high
26517,medium
104798,medium
129803,high
82357,medium
41138,medium
138708,low
54716,low
9711,medium
135144,low
114422,medium
60848,low
148683,high
85217,high
44017,high
10945,high
55249,medium
43956,low
80995,medium
116534,medium
152117,medium
109731,medium
95428,medium
81577,medium
96601,medium
117426,medium
131533,medium
19055,medium
21189,low
124666,high
127845,medium
135746,medium
50576,medium
43344,medium
13084,low
2362,medium
155072,high
80365,high
128343,high
106530,medium
39265,low
157433,medium
53740,low
29854,medium
68985,medium
146299,high
85920,low
18936,medium
156927,high
82032,medium
147701,high
45904,medium
44460,high
21076,medium
24899,medium
27931,low
30062,medium
19707,medium
24348,high
87259,medium
158273,low
91406,medium
56979,high
38449,medium
122278,low
134202,high
77320,medium
125074,high
2797,medium
147387,high
15435,medium
6773,medium
15910,high
84994,medium
128865,high
140523,medium
66454,high
52202,medium
63464,medium
9550,medium
14342,low
28796,medium
9110,medium
96031,medium
77312,medium
92655,low
25524,medium
94856,low
120401,low
127143,medium
64542,low
110319,medium
37910,medium
126689,medium
106926,high
19650,medium
97066,high
10211,medium
29259,medium
130188,low
43978,low
92076,medium
49918,medium
119604,medium
52509,low
21740,medium
156654,high
80342,medium
85662,medium
16127,medium
56246,high
17925,high
61237,high
79653,medium
46404,medium
136132,high
79897,medium
94089,medium
12074,medium
150512,medium
120682,medium
159025,high
87456,low
76532,medium
158068,medium
88249,medium
71835,low
14924,medium
90545,medium
130988,medium
116945,medium
104235,medium
112002,medium
85733,medium
61014,medium
77589,medium
19425,medium
18720,medium
104548,low
120956,medium
149987,low
39327,low
21937,medium
30013,low
150639,high
83354,medium
113279,medium
157962,medium
156920,medium
61517,medium
130435,low
85513,medium
29031,high
55391,medium
49562,low
111746,high
86295,low
10465,medium
109080,high
75970,high
55430,high
122193,medium
66446,medium
127678,low
104038,medium
79776,medium
5895,medium
47811,medium
142953,medium
86746,medium
85467,medium
18359,low
42480,low
13455,low
76786,high
49459,medium
59765,medium
158604,high
115967,medium
72462,low
133110,high
33313,medium
56923,medium
91502,medium
11810,low
43133,high
72139,low
95967,medium
116608,medium
10890,medium
88381,medium
70186,low
56849,medium
139577,low
144357,medium
67566,high
39071,low
45403,medium
148527,medium
32692,low
76780,low
2707,low
28332,low
79280,low
33637,medium
71495,high
81714,low
17116,medium
127509,high
50007,high
66163,high
153030,medium
123730,medium
18845,medium
5793,high
120552,high
138507,high
48373,medium
156789,medium
18253,medium
85403,low
153656,medium
37953,medium
154321,high
4962,medium
48926,high
52943,low
41293,high
103878,high
84500,low
31478,low
36552,low
11304,low
156461,high
133501,high
389,high
105168,high
35815,medium
44651,medium
11083,medium
110305,medium
86822,medium
130753,low
10812,medium
72632,medium
87160,low
14352,high
151863,medium
69558,high
128376,low
89114,medium
80062,high
152453,medium
46611,medium
20754,low
148789,high
188,medium
35118,high
17623,medium
88310,medium
122976,medium
14806,medium
67446,medium
159516,high
26222,low
52799,medium
14454,high
32746,high
17624,low
116397,low
16192,low
134532,medium
158392,medium
58975,medium
49543,medium
113262,medium
140185,medium
64046,low
15870,low
50093,medium
15897,medium
80883,medium
71848,medium
5516,low
12782,medium
144453,medium
10293,medium
57158,medium
104427,medium
47834,medium
74425,medium
1020,medium
80794,medium
83605,medium
151815,medium
108990,medium
113516,high
56687,medium
6769,high
99914,low
73573,medium
47664,low
86195,high
100213,high
50532,low
133716,medium
109742,medium
102011,low
110705,high
150197,low
34996,medium
70472,low
14767,medium
139134,medium
140674,medium
54010,low
53027,high
128440,medium
117265,low
27782,low
121157,medium
128512,low
69673,low
32221,medium
134052,medium
5510,medium
64505,high
682,high
31970,high
88176,high
133368,medium
120282,low
53730,medium
30579,medium
115851,medium
45467,medium
69827,low
95468,medium
40419,high
12558,medium
80556,medium
39022,high
50699,high
72684,medium
98211,medium
103391,medium
51378,high
148612,high
27904,low
99254,low
118222,medium
108071,low
41156,medium
45168,medium
115810,medium
89722,high
143134,low
37700,medium
105441,medium
137564,medium
37278,medium
150312,medium
149152,medium
116098,medium
150808,medium
66323,medium
65107,low
87642,high
6487,medium
25592,low
138770,high
38111,medium
72932,medium
53812,medium
8894,medium
91062,medium
7478,medium
24944,low
149582,medium
12605,high
39219,medium
18977,low
115542,medium
148000,medium
142668,medium
20408,medium
92276,low
35967,medium
120053,medium
43909,low
22190,medium
112863,medium
133273,low
62821,medium
15051,medium
105672,low
92958,medium
94293,high
102709,medium
21143,medium
95824,low
140902,medium
74179,low
100424,low
63559,medium
54086,low
110140,medium
85191,medium
25980,medium
100296,low
157723,high
73633,low
56278,medium
64259,low
144038,high
150864,low
34937,medium
18619,low
146505,low
95869,high
1278,low
62730,medium
124373,low
19892,high
23141,medium
8191,low
157341,high
99100,medium
49851,medium
35137,high
46528,high
18205,medium
98529,high
103265,medium
81055,high
59403,low
30461,medium
143792,medium
74349,high
38445,high
61762,medium
80939,medium
32463,high
149245,medium
80548,low
151516,low
86002,high
70053,high
127263,medium
78770,medium
65288,medium
139416,medium
39929,medium
101396,low
119697,low
138217,medium
110282,medium
32968,medium
119903,high
42817,high
103351,high
113252,medium
90829,medium
72805,high
147800,high
63828,medium
102282,medium
76023,high
76130,high
89,high
87243,medium
4813,medium
56247,medium
51398,low
81138,low
52962,low
108620,low
53318,low
124538,medium
137072,medium
72970,medium
91785,medium
6806,medium
95901,medium
47560,high
130660,medium
67679,high
38016,medium
149272,medium
67409,medium
155137,low
85809,high
31034,high
120107,medium
109625,medium
52786,medium
112415,low
115616,medium
132894,low
118335,medium
56124,medium
105972,high
98401,low
42585,high
92938,medium
77442,medium
125445,medium
21053,medium
16059,high
70231,medium
11584,low
82262,high
114252,medium
73574,medium
20802,medium
136437,high
64080,high
4460,medium
50941,medium
45320,medium
155502,high
25007,low
41381,medium
5637,medium
51183,high
158348,medium
79462,medium
4560,high
67217,medium
22520,low
134979,medium
6488,medium
56968,medium
49183,low
131809,medium
52650,high
96334,medium
68451,medium
79353,low
3071,high
23755,medium
128064,medium
48965,high
87854,low
106571,medium
87728,high
106788,medium
4075,low
12630,high
62612,low
71787,medium
90591,high
85593,medium
41925,medium
47884,medium
67107,medium
127550,medium
53305,medium
146403,medium
138125,medium
70680,low
86418,medium
76669,medium
130440,medium
133976,medium
114202,low
66456,low
94865,high
36317,medium
45275,medium
99082,medium
15803,low
36147,low
83288,low
118683,high
152572,low
85430,high
144238,medium
6312,high
8745,medium
44427,medium
152633,medium
8126,high
32344,medium
112157,high
138647,medium
104053,high
149503,medium
36074,high
13355,low
13801,medium
66886,medium
92878,medium
51892,low
157648,high
58355,high
78140,medium
27845,low
67134,medium
145266,low
130695,low
159754,medium
38252,low
150413,medium
52834,low
59006,high
80013,medium
88480,medium
102850,medium
53362,high
64030,medium
70074,medium
106077,low
85397,medium
30174,medium
61252,medium
2695,medium
153386,medium
14217,medium
119786,medium
120484,medium
52494,low
102431,medium
58614,medium
119308,high
108765,low
150968,medium
64479,medium
81052,medium
110559,high
75065,medium
76681,medium
44792,low
40660,medium
11541,high
55237,medium
58628,high
41082,low
65029,high
17509,medium
1242,medium
29934,medium
77846,high
1843,medium
84486,medium
141017,medium
111073,medium
152465,medium
138019,medium
3609,high
9882,low
21881,low
22415,high
1665,high
134877,low
42995,medium
71452,low
75596,low
74453,medium
3045,low
132127,medium
135535,medium
109760,high
46647,low
14899,medium
12299,medium
72741,high
124026,high
104236,medium
18791,high
148164,medium
129982,high
79703,medium
70199,medium
153524,medium
157827,medium
88730,high
123444,medium
36439,low
6432,high
93046,medium
145196,medium
37962,low
43757,medium
94178,medium
92467,medium
23942,high
127610,medium
130658,medium
153954,high
72106,medium
36966,high
62591,high
24755,medium
31793,medium
45834,low
46470,medium
9395,medium
22980,high
118969,high
46211,low
32992,high
157006,low
430,high
132191,medium
22179,medium
115486,medium
42676,medium
17944,high
20866,medium
5998,medium
99313,medium
30333,medium
20749,low
2363,high
22865,high
7443,high
88590,medium
116424,low
77335,medium
105970,medium
149643,high
25230,medium
139145,medium
2773,medium
51008,high
144218,high
160686,high
63346,medium
110926,medium
42290,medium
90346,high
148142,low
123148,low
104026,medium
104181,medium
40753,medium
160138,medium
19385,medium
132832,medium
142569,high
10261,medium
119070,high
120089,medium
147454,low
36000,high
72523,high
112161,low
6938,medium
97322,medium
137531,medium
139907,medium
158552,medium
56030,medium
118091,high
139840,medium
125030,low
64839,medium
52042,low
16577,medium
116378,low
149762,high
155384,low
117885,medium
124576,medium
51191,medium
15681,medium
24507,low
93631,medium
55577,medium
44452,high
59177,high
84625,medium
93267,low
139254,medium
159840,low
93075,low
122151,medium
11205,low
150420,medium
63750,high
147405,medium
65275,high
32080,medium
145935,medium
155290,medium
116667,medium
66930,low
126197,medium
88124,low
76136,low
101494,medium
62490,low
72975,low
113879,low
116716,medium
94242,high
104829,medium
30106,high
140090,medium
64474,medium
150881,medium
154096,low
20949,medium
130051,low
11592,medium
119847,medium
13353,high
114407,medium
45187,medium
138763,medium
43958,low
51972,high
75886,low
87167,medium
102650,medium
20989,low
128829,medium
131741,medium
6483,high
90889,low
130744,low
55931,medium
78097,medium
21492,medium
158122,medium
108438,low
114880,medium
67572,medium
55091,high
110949,medium
156120,low
26627,medium
29453,medium
102477,medium
40858,medium
124897,medium
125944,medium
20599,medium
53664,low
46907,low
53771,medium
121991,high
41971,high
77275,medium
115573,medium
78749,medium
102095,medium
40060,low
40144,medium
4640,high
114114,low
155667,medium
9137,medium
17551,medium
45656,medium
55478,medium
133029,high
155909,medium
44502,low
128655,medium
145714,medium
61371,high
157546,low
66238,medium
5268,medium
10044,medium
82146,medium
16875,medium
115839,medium
60272,medium
44282,medium
66617,high
145319,medium
41561,low
94808,high
12838,medium
125576,low
125521,medium
132412,high
53213,high
45217,medium
146381,medium
97120,high
128069,medium
44180,low
54324,high
107282,low
53563,low
2826,medium
19352,low
32204,medium
94389,medium
145343,medium
120303,medium
36519,medium
108594,medium
52122,high
48232,medium
83724,medium
87710,medium
20708,medium
15123,medium
39069,high
17815,high
138037,medium
128187,medium
83220,high
77626,medium
25037,medium
10307,medium
92542,medium
10679,high
24026,medium
59814,medium
9520,low
97797,low
65208,low
16993,medium
8233,high
12894,medium
140742,medium
123852,low
87500,low
9278,high
127714,high
40398,medium
26545,medium
69263,medium
141906,medium
149544,low
120858,low
79010,medium
5939,medium
139301,medium
113573,medium
79255,medium
43241,medium
76818,medium
18435,medium
76547,medium
150249,medium
88689,low
67254,medium
26426,medium
1342,medium
64607,high
145797,high
87270,low
887,medium
54653,low
40624,low
103904,medium
132336,low
84166,low
101051,high
16173,low
105570,medium
115786,high
34583,medium
103221,medium
137385,low
78602,medium
114044,low
69761,low
21936,medium
134771,medium
31532,low
160749,high
140083,low
131579,low
150064,medium
71100,medium
33494,medium
134636,low
100440,medium
78112,low
3264,medium
114547,medium
141891,medium
131456,low
149410,low
45688,low
122675,high
127656,medium
14248,medium
73456,high
1258,high
19877,low
72856,low
28755,medium
94916,medium
47016,medium
74288,high
36216,low
74172,high
114158,medium
80537,medium
121546,high
58873,medium
102936,medium
42197,medium
100791,low
81515,low
86831,high
41674,high
28695,high
85171,low
13158,high
54795,medium
63263,medium
144387,medium
150550,medium
159240,high
138901,medium
37091,medium
4293,medium
67306,medium
77421,low
76298,medium
52954,low
43858,low
150167,medium
18297,medium
156598,high
79209,medium
133235,medium
88908,medium
59450,high
108704,high
79211,high
112729,low
42044,medium
135470,medium
61311,medium
39727,medium
155286,low
129643,high
98496,medium
30223,high
134681,low
106451,high
32376,medium
120396,medium
121700,medium
78394,medium
90466,medium
73821,high
89095,high
615,medium
72726,low
65955,medium
110684,low
108893,high
102126,medium
115783,low
115111,low
141532,medium
55768,medium
123441,medium
146590,high
125699,low
34105,medium
156100,high
11832,medium
49117,medium
7861,medium
109143,medium
75950,medium
100520,high
152811,medium
128058,high
156131,medium
137136,high
101222,low
98077,low
56782,medium
102902,high
54346,medium
50042,high
100045,medium
97441,medium
94569,high
147705,medium
139338,low
120558,medium
41664,high
85096,low
130260,medium
78546,medium
92500,medium
7988,high
53866,medium
104703,high
74922,low
72057,high
37080,high
55027,medium
78116,low
47877,low
5549,medium
7733,low
101079,high
67103,medium
72799,medium
60523,medium
31537,medium
53643,medium
38847,high
137793,medium
43821,medium
50626,medium
59090,medium
50459,medium
73063,low
45308,medium
104189,medium
8610,low
156724,medium
136753,medium
35956,medium
2256,high
102771,medium
50680,medium
125654,medium
36020,low
152246,high
50768,high
23875,high
82974,low
145037,medium
129340,medium
69010,medium
108322,medium
78510,high
137400,medium
189,medium
138926,medium
107967,medium
72276,low
27751,medium
91725,high
23978,high
104875,medium
90923,medium
22837,low
125183,high
119688,high
146601,low
55597,medium
107861,medium
142440,low
44990,low
5678,low
30513,medium
29303,medium
92453,medium
96964,medium
68366,low
24680,low
17540,high
9112,medium
10274,medium
92256,low
154376,medium
154781,medium
75650,high
141577,high
56047,medium
39132,medium
2703,medium
116739,low
123403,medium
160245,low
104738,low
109169,low
155874,medium
17273,medium
73991,low
148477,medium
100419,medium
2151,low
155818,medium
138002,low
120029,medium
109419,high
102643,high
65897,low
128972,high
9767,medium
125108,high
69562,high
148283,medium
135237,medium
158440,medium
18654,high
100502,medium
47100,high
67291,high
53095,medium
27891,medium
13247,medium
44491,low
98013,medium
91542,medium
30447,medium
82509,low
92490,medium
78511,medium
65449,low
592,high
105556,high
56171,low
16615,high
121635,medium
76230,low
87915,high
3102,medium
32489,medium
156164,low
94787,medium
112236,low
37513,medium
150772,high
38127,low
23648,medium
140502,high
128421,medium
48352,medium
35130,high
53584,low
150492,medium
59373,high
50013,high
122381,high
73197,medium
124667,medium
100165,low
31706,medium
78381,high
115274,low
156930,medium
4658,high
31221,medium
37256,medium
160254,medium
116922,medium
74258,medium
99322,medium
96442,medium
14385,medium
43610,low
156968,medium
30580,high
143973,medium
6401,low
141531,medium
10031,medium
52254,medium
99733,high
150423,medium
8101,medium
127966,low
102321,medium
80183,low
14985,low
47855,medium
21464,medium
77467,low
56366,high
30071,low
157328,medium
42913,medium
59056,medium
51846,low
33327,medium
17216,medium
55293,medium
38138,medium
153265,medium
16654,high
82571,low
120467,high
30133,low
112023,low
80483,medium
127827,low
71724,medium
132468,low
89483,high
55697,high
93773,medium
145777,medium
110848,medium
101954,medium
139447,medium
110735,low
9081,medium
141582,medium
52440,medium
146407,medium
54671,medium
96851,high
159692,medium
114368,high
46895,medium
51528,low
112959,medium
31318,medium
25385,low
149471,high
143355,medium
141521,medium
143810,medium
5340,low
71285,high
29418,medium
12429,medium
17389,medium
72155,high
79219,high
9860,high
35450,high
23333,medium
114089,medium
128080,low
31912,high
119588,medium
121612,medium
145623,medium
25569,low
143237,low
148717,medium
135963,medium
86208,medium
78296,medium
151979,medium
101698,low
9192,high
15832,medium
134492,high
109430,high
112595,medium
45566,low
90641,low
86162,low
134223,high
159089,low
22831,high
48550,high
43124,high
118494,medium
22701,medium
33670,high
95621,medium
150029,low
116946,medium
77677,medium
8721,medium
152642,medium
932,medium
148574,medium
17159,medium
83,low
55676,medium
27273,medium
69245,medium
157730,medium
33013,medium
59630,medium
22728,medium
49646,high
94874,high
136662,medium
130919,medium
15687,high
23184,low
132307,low
71208,medium
42411,medium
134998,low
159947,high
15201,low
17710,low
98304,medium
123430,low
148506,high
111090,low
118745,medium
124654,medium
104898,medium
26845,low
19756,low
66954,high
18408,low
85286,high
122683,low
144191,high
143595,medium
125197,high
7816,medium
62722,high
145437,high
156921,medium
91332,medium
69350,medium
15815,low
25527,medium
47581,low
32047,high
118054,high
13454,medium
158904,low
147669,medium
95631,low
111201,medium
67101,medium
56719,high
62733,low
110324,medium
18393,medium
109181,medium
29591,medium
43827,high
26364,high
45542,medium
142015,medium
112456,high
51608,high
145155,medium
83349,low
102000,low
84206,low
80248,medium
14646,medium
144838,low
20461,low
80197,high
81026,medium
118500,medium
1400,low
125688,high
119409,high
32370,low
28538,medium
131655,low
45719,medium
119169,high
74686,medium
110012,medium
16169,medium
150637,low
51837,low
139402,low
49855,medium
29445,high
124972,low
93260,medium
98419,medium
133448,medium
121477,medium
17302,high
14992,medium
101160,medium
80661,medium
16266,medium
33427,low
115168,low
27490,high
8468,low
51982,medium
88409,high
152680,low
125669,medium
156788,low
159788,high
94801,low
108991,medium
86242,medium
67918,medium
82998,high
157676,high
149037,high
147123,medium
105063,medium
40440,medium
5129,medium
80318,medium
92290,medium
156872,low
130069,medium
4706,low
151865,low
56865,low
102524,medium
75325,low
55620,high
84918,low
75730,medium
28415,medium
67496,high
43222,medium
52880,medium
85977,medium
103115,medium
101976,medium
78615,medium
115362,medium
64355,medium
67980,medium
153532,medium
4905,medium
60159,medium
52997,high
129196,medium
127068,high
42376,low
57249,high
48660,medium
18225,low
141306,medium
20630,low
38459,medium
117888,low
127506,medium
43364,high
62213,medium
104543,medium
3733,low
150056,high
82516,medium
147875,low
124442,medium
7164,medium
101695,medium
88556,low
127330,high
114490,medium
28871,medium
46273,medium
60954,high
97380,medium
111645,high
89591,high
72280,medium
78338,medium
142572,high
127780,high
108383,medium
158665,medium
144513,medium
82424,medium
32900,medium
99784,high
12326,low
109244,medium
86071,medium
34617,high
92662,medium
106221,medium
69262,low
26814,high
127487,high
77215,low
61292,medium
67025,low
142414,medium
96962,high
16514,medium
152203,medium
129211,medium
26856,high
37849,medium
81668,low
48459,medium
137817,low
146994,medium
127285,medium
45117,medium
87455,medium
3935,medium
118134,high
83728,medium
69510,high
62212,low
6059,medium
4749,medium
55845,high
117268,medium
43642,low
40352,high
87639,medium
101851,low
112071,low
25979,medium
119537,medium
1723,high
62968,medium
98995,high
27882,medium
50224,low
8491,medium
159580,high
104496,medium
16314,medium
151348,high
56564,high
73057,medium
141110,medium
25637,medium
12179,low
106170,medium
81200,low
136887,medium
146541,medium
32709,medium
51148,low
122206,high
87353,medium
86508,low
27430,high
43896,low
72459,medium
145384,high
147575,high
127959,medium
9303,medium
84868,medium
141101,medium
5945,medium
142960,low
86285,medium
107624,low
276,medium
55247,medium
95034,high
67654,medium
55083,low
135184,medium
63384,low
119617,medium
4246,low
13310,high
134073,low
59244,high
30282,medium
154166,medium
30500,high
93948,medium
112990,low
60166,low
104418,medium
25972,high
79964,high
132919,low
49434,medium
106120,medium
108161,low
155565,medium
27053,high
63841,medium
125595,high
2631,low
135600,medium
25047,medium
140459,high
135044,medium
143855,low
153033,medium
108019,high
72087,medium
72646,low
129056,high
116527,low
22435,high
16033,low
136700,medium
154609,high
38555,medium
21282,high
51939,high
55118,medium
148570,medium
90606,low
59315,low
29597,medium
122211,medium
73830,medium
67058,high
136273,high
143783,low
48080,high
14654,medium
133661,medium
107020,medium
155014,medium
153904,medium
54879,medium
96019,medium
50443,low
14221,medium
64120,medium
112134,high
50366,medium
69886,medium
134397,medium
91922,medium
107669,medium
115235,medium
60783,medium
42813,high
35598,high
160528,medium
92173,low
21632,medium
32042,low
154028,high
8549,low
8619,medium
96236,low
49440,medium
53629,high
41187,high
73154,high
55184,high
137347,high
59245,medium
148023,medium
122131,medium
67516,low
52596,medium
31076,medium
77606,high
144007,medium
121840,high
122556,low
154849,high
136993,medium
131238,high
135778,low
129942,high
117488,medium
114135,low
150052,medium
8291,high
133346,high
4694,low
36494,medium
21613,medium
152431,medium
148014,medium
20283,medium
12649,low
155751,medium
63096,medium
155626,medium
23938,low
119731,high
158157,low
87549,low
82476,low
125491,medium
149814,high
39653,high
139140,low
78792,medium
121937,low
74762,medium
97012,low
122425,low
54549,low
58801,low
75176,low
35799,medium
125123,medium
152424,medium
137425,medium
113342,high
151217,low
36387,medium
89981,medium
46832,low
43448,medium
108021,medium
76381,low
160161,medium
66399,medium
90126,medium
27642,high
23997,low
56557,medium
136825,high
90509,low
61877,medium
85547,high
56444,high
128817,medium
156300,medium
51759,high
144064,medium
42231,low
149595,high
104969,medium
9097,low
47096,medium
103033,medium
78776,low
104228,medium
46768,medium
120152,medium
48957,medium
12631,high
43685,low
108033,medium
43107,low
153354,medium
159195,medium
124544,medium
9780,low
66495,high
118627,medium
79902,medium
36662,low
72369,medium
111984,medium
89744,low
65962,medium
44220,high
48045,medium
68453,high
12161,low
32919,medium
135125,low
68672,high
58077,medium
45737,low
148990,medium
143736,high
88675,low
99346,medium
5222,medium
151606,high
12736,medium
151331,medium
32888,medium
105655,medium
84437,medium
112475,medium
5014,medium
158027,high
106722,low
81991,medium
58786,medium
142173,high
121691,high
85108,low
94142,high
39642,medium
14564,medium
125536,low
119314,low
69688,high
52972,low
87729,high
123432,high
123117,medium
124450,medium
118915,medium
77413,high
131314,high
77385,high
34410,medium
12378,low
90132,medium
106987,medium
29112,high
33910,high
106859,medium
108858,high
49648,medium
50201,high
140458,low
29069,high
103426,medium
159801,medium
12016,medium
159121,high
141277,medium
130623,low
4145,high
28917,medium
41031,low
156849,medium
137247,medium
143821,high
10796,medium
23665,medium
41554,medium
7513,high
156365,medium
116675,medium
99137,high
80228,medium
138340,medium
132107,medium
68047,medium
131052,low
105801,medium
7677,medium
143413,high
73087,medium
78163,medium
127147,medium
13621,low
127622,high
44626,medium
124587,medium
103862,high
5822,high
76490,high
178,low
149866,medium
135740,medium
101593,high
30595,high
126681,medium
35308,medium
6211,medium
35503,medium
25366,medium
154235,medium
61408,medium
60686,medium
84143,medium
63983,low
124804,medium
113859,medium
65376,medium
57881,medium
156543,medium
148262,medium
159469,medium
107419,high
93586,high
73274,low
115653,medium
43839,medium
96565,medium
64218,low
120093,medium
124796,high
82789,high
45427,high
142320,high
50401,medium
16195,low
38210,medium
34484,medium
105143,low
141717,medium
156292,medium
142965,medium
28809,high
1073,medium
140958,medium
65757,low
111228,low
48569,medium
101414,low
84722,low
119664,medium
51590,medium
66703,low
4649,medium
129682,medium
105919,low
85976,medium
100790,low
121275,medium
68808,medium
112538,high
139426,medium
63041,medium
5466,medium
97007,medium
80156,medium
146332,low
4012,low
95699,low
88714,high
1849,medium
75343,medium
116344,medium
119963,high
54061,medium
55440,medium
141093,low
116474,medium
35875,medium
142115,medium
99304,medium
38841,medium
51605,medium
89130,medium
36747,high
14612,medium
22965,medium
109022,low
14252,medium
76887,high
57727,low
123885,medium
92309,medium
14230,medium
154571,low
101930,low
25745,medium
55172,medium
76712,low
27624,medium
75602,high
25617,high
48134,high
121331,high
127812,medium
88924,high
25285,low
31176,low
67299,medium
115759,medium
146879,medium
61010,low
84253,high
96486,low
113489,low
160460,medium
30,low
132269,high
121523,high
135063,low
149425,high
23068,medium
67035,high
79203,medium
60607,high
56801,medium
77940,high
121141,medium
146932,medium
142224,high
157053,high
49914,medium
99882,high
127679,high
7646,medium
121379,high
67072,low
136763,high
7036,high
3406,medium
56491,high
126269,low
132529,low
120213,high
139218,high
28546,medium
101106,low
129383,high
91109,medium
114825,medium
59024,medium
99588,high
86801,high
68439,high
13210,medium
151497,medium
